event_id,title,start_date,start_time,end_date,end_time,location_name,address,city,organizer,category,status,source_name,source_url,last_updated
2026-09-10_0930_sure_start_die_babyspielstunde_coerde_fbf_friedensstrasse_coerde,Sure Start - Die Babyspielstunde Coerde,2026-09-10,09:30,2026-09-10,12:30,Begegnungszentrum Meerwiese,"An der Meerwiese 25, 48157 Münster",Münster-Coerde,FamilienBildung Friedensstraße,Bildung / Familie / Stadtteil,scheduled,FamilienBildung Friedensstraße,https://www.familienbildung-friedensstrasse.de/kurssuche/kurs/Sure-Start-Die-Babyspielstunde-Coerde/2602-2422,2026-09-10T18:06:55.864Z
2026-09-10_1100_offene_sprechstunde_coerde_mittendrin_awo_coerde_mittendrin,Offene Sprechstunde „coerde mittendrin“,2026-09-10,11:00,2026-09-10,13:00,AWO Coerde mittendrin,"Königsberger Straße 8, 48157 Münster-Coerde",Münster-Coerde,AWO Coerde mittendrin,Stadtteil / Begegnung / Beratung,scheduled,AWO Coerde mittendrin,https://www.awo-msl-re.de/einrichtung/coerde-mittendrin?downloadFile=34b25336-4aca-11f1-bfc6-c7cf9d9a4485,2026-09-10T18:06:55.864Z
2026-09-10_1430_komm_wir_sprechen_deutsch_fbf_friedensstrasse_coerde,"Komm, wir sprechen deutsch!",2026-09-10,14:30,2026-09-10,16:00,coerde mittendrin,"Königsberger Str. 8, 48157 Münster",Münster-Coerde,FamilienBildung Friedensstraße,Bildung / Familie / Stadtteil,scheduled,FamilienBildung Friedensstraße,https://www.familienbildung-friedensstrasse.de/kurssuche/kurs/Komm-wir-sprechen-deutsch/2604-4402,2026-09-10T18:06:55.864Z
2026-09-10_1430_praktische_ernahrungsbildung_fur_eltern_mit_ihren_kindern_ab_3_jahren_fbf_friedensstrasse_coerde,Praktische Ernährungsbildung für Eltern mit ihren Kindern ab 3 Jahren,2026-09-10,14:30,2026-09-10,16:45,Kita Wertvoll,"Kiesekampweg 8, Münster",Münster-Coerde,FamilienBildung Friedensstraße,Bildung / Familie / Stadtteil,scheduled,FamilienBildung Friedensstraße,https://www.familienbildung-friedensstrasse.de/kurssuche/kurs/Praktische-Ernaehrungsbildung-fuer-Eltern-mit-ihren-Kindern-ab-3-Jahren/2602-2938,2026-09-10T18:06:55.864Z
2026-09-10_1600_turnen_und_toben_fur_gross_eltern_und_kinder_1_3_j_an_der_meerwiese_fbf_friedensstrasse_coerde,Turnen und Toben für (Groß-)Eltern und Kinder 1-3 J. An der Meerwiese,2026-09-10,16:00,2026-09-10,17:00,DRK Kita Meerwiese,"An der Meerwiese 11, 48157 Münster",Münster-Coerde,FamilienBildung Friedensstraße,Bildung / Familie / Stadtteil,scheduled,FamilienBildung Friedensstraße,https://www.familienbildung-friedensstrasse.de/kurssuche/kurs/Turnen-und-Toben-fuer-Gross-Eltern-und-Kinder-1-3-J-An-der-Meerwiese/2602-2752,2026-09-10T18:06:55.864Z
2026-09-10_1945_zumba_workout_fitness_fbf_friedensstrasse_coerde,Zumba® Workout Fitness,2026-09-10,19:45,2026-09-10,20:45,Begegnungszentrum Meerwiese/Saal,"An der Meerwiese 25, 48157 Münster",Münster-Coerde,FamilienBildung Friedensstraße,Bildung / Familie / Stadtteil,scheduled,FamilienBildung Friedensstraße,https://www.familienbildung-friedensstrasse.de/kurssuche/kurs/Zumba-Workout-Fitness/2606-6568,2026-09-10T18:06:55.864Z
2026-09-11_0900_gemeinsames_fruhstuck_im_kirchenzentrum_andreas_kirchengemeinde_startseite,Gemeinsames Frühstück im Kirchenzentrum,2026-09-11,09:00,2026-09-11,,Andreas-Kirchengemeinde Münster-Coerde,Münster-Coerde,Münster-Coerde,Ev. Andreas-Kirchengemeinde Münster-Coerde,Kirche / Stadtteil / Begegnung,scheduled,Ev. Andreas-Kirchengemeinde Münster-Coerde – Startseite,https://www.andreas-kirchengemeinde-muenster.de/,2026-09-10T18:06:55.864Z
2026-09-11_0915_deutsch_fur_migrantinnen_alltagsnah_deutsch_lernen_an_der_meerwiese_fbf_friedensstrasse_coerde,Deutsch für Migrantinnen - alltagsnah Deutsch lernen an der Meerwiese,2026-09-11,09:15,2026-09-11,12:00,Begegnungszentrum Meerwiese/Treff + Kreativ,,Münster-Coerde,FamilienBildung Friedensstraße,Bildung / Familie / Stadtteil,scheduled,FamilienBildung Friedensstraße,https://www.familienbildung-friedensstrasse.de/kurssuche/kurs/Deutsch-fuer-Migrantinnen-alltagsnah-Deutsch-lernen-an-der-Meerwiese/2604-4414,2026-09-10T18:06:55.864Z
2026-09-11_1000_mutter_treff_coerde_initiative_chack_mutter_treff_coerde,Mütter-Treff Coerde,2026-09-11,10:00,2026-09-11,12:00,Kita „wert-voll“,"Kiesekampweg 8, Münster-Coerde",Münster-Coerde,Initiative ChaCK e.V.,,scheduled,Initiative ChaCK – Mütter-Treff Coerde,https://initiative-chack.de/projekte/muetter-treff-coerde/,2026-09-10T18:06:55.864Z
2026-09-11_ganztag_gemeinsam_sichtbar_stark_madchen_aus_coerde_gsmc_wochentlich_iriba_brunnen_termine,Gemeinsam sichtbar & stark – Mädchen aus Coerde (GSMC) (wöchentlich),2026-09-11,16:30,2026-09-11,18:00,coerde mittendrin,"Königsberger Straße 8, 48157 Münster",Münster-Coerde,Iriba-Brunnen e.V.,Stadtteil / Begegnung / Engagement,scheduled,Iriba-Brunnen – Termine,https://www.iriba-brunnen.de/termine-archiv/gemeinsam-sichtbar-stark-maedchen-aus-coerde-gsmc/,2026-09-10T18:06:55.864Z
2026-09-11_1700_offener_spieletreff_2_4_montag_im_monat_awo_coerde_mittendrin,Offener Spieletreff (2. & 4. Montag im Monat),2026-09-11,17:00,2026-09-11,19:00,AWO Coerde mittendrin,"Königsberger Straße 8, 48157 Münster-Coerde",Münster-Coerde,AWO Coerde mittendrin,Stadtteil / Begegnung / Beratung,scheduled,AWO Coerde mittendrin,https://www.awo-msl-re.de/einrichtung/coerde-mittendrin?downloadFile=34b25336-4aca-11f1-bfc6-c7cf9d9a4485,2026-09-10T18:06:55.864Z
2026-09-11_2000_splitter_and_be_julie_klos_aus_munster_meerwiese_theater,Splitter and BE! – Julie Klos aus Münster,2026-09-11,20:00,2026-09-11,21:00,Begegnungszentrum und Theater in der Meerwiese,An der Meerwiese 25,Münster-Coerde,Stadt Münster Veranstaltungskalender,Theater / Kultur / Tanz / Kinderkultur,scheduled,Stadt Münster Veranstaltungskalender,https://www.stadt-muenster.de/veranstaltungskalender/-/detail/2713/15120/splitter-and-be-julie-klos-aus-muenster,2026-09-10T18:06:55.864Z
2026-09-12_1500_nachhilfeangebot_awo_coerde_mittendrin,Nachhilfeangebot,2026-09-12,15:00,2026-09-12,17:00,AWO Coerde mittendrin,"Königsberger Straße 8, 48157 Münster-Coerde",Münster-Coerde,AWO Coerde mittendrin,Stadtteil / Begegnung / Beratung,scheduled,AWO Coerde mittendrin,https://www.awo-msl-re.de/einrichtung/coerde-mittendrin?downloadFile=34b25336-4aca-11f1-bfc6-c7cf9d9a4485,2026-09-10T18:06:55.864Z
2026-09-12_2000_sommernachtskino_im_coerde_garden_tomorrow_die_welt_ist_voller_losungen_stadt_munster_veranstaltungskalender,Sommernachtskino im Coerde Garden – Tomorrow – Die Welt ist voller Lösungen,2026-09-12,20:00,2026-09-12,21:30,,,Münster-Coerde,Stadt Münster Veranstaltungskalender,,scheduled,Stadt Münster Veranstaltungskalender,https://www.stadt-muenster.de/veranstaltungskalender/-/detail/3608/21627/sommernachtskino-im-coerde-garden-tomorrow-die-welt-ist-voller-loesungen,2026-09-10T18:06:55.864Z
2026-09-13_0930_gottesdienst_andreas_kirchengemeinde_startseite,Gottesdienst,2026-09-13,09:30,2026-09-13,,Andreas-Kirchengemeinde Münster-Coerde,Münster-Coerde,Münster-Coerde,Ev. Andreas-Kirchengemeinde Münster-Coerde,Kirche / Stadtteil / Begegnung,scheduled,Ev. Andreas-Kirchengemeinde Münster-Coerde – Startseite,https://www.andreas-kirchengemeinde-muenster.de/,2026-09-10T18:06:55.864Z
2026-09-13_1530_die_clown_fidelidad_solo_show_clown_fidelidad_aus_munster_meerwiese_theater,Die Clown-fidelidad-Solo-Show – Clown fidelidad aus Münster,2026-09-13,15:30,2026-09-13,16:30,Begegnungszentrum und Theater in der Meerwiese,An der Meerwiese 25,Münster-Coerde,Stadt Münster Veranstaltungskalender,Theater / Kultur / Tanz / Kinderkultur,scheduled,Stadt Münster Veranstaltungskalender,https://www.stadt-muenster.de/veranstaltungskalender/-/detail/2708/15084/die-clown-fidelidad-solo-show-clown-fidelidad-aus-muenster,2026-09-10T18:06:55.864Z
2026-09-13_1800_kammerkonzert_zwischen_esprit_und_leidenschaft_ein_sextette_fur_holzblaserquinte_meerwiese_theater,Kammerkonzert: Zwischen Esprit und Leidenschaft – Ein Sextette für Holzbläserquintett mit Klavier,2026-09-13,18:00,2026-09-13,19:30,Begegnungszentrum und Theater in der Meerwiese,An der Meerwiese 25,Münster-Coerde,Stadt Münster Veranstaltungskalender,Theater / Kultur / Tanz / Kinderkultur,scheduled,Stadt Münster Veranstaltungskalender,https://www.stadt-muenster.de/veranstaltungskalender/-/detail/2718/15148/kammerkonzert-zwischen-esprit-und-leidenschaft-ein-sextette-fuer-holzblaeserquintett-mit-klavier,2026-09-10T18:06:55.864Z
2026-09-14_0930_yoga_fur_senior_innen_fbf_friedensstrasse_coerde,Yoga für Senior:innen,2026-09-14,09:30,2026-09-14,10:30,Begegnungszentrum Meerwiese/Saal,"An der Meerwiese 25, 48157 Münster",Münster-Coerde,FamilienBildung Friedensstraße,Bildung / Familie / Stadtteil,scheduled,FamilienBildung Friedensstraße,https://www.familienbildung-friedensstrasse.de/kurssuche/kurs/Yoga-fuer-Seniorinnen/2606-6014,2026-09-10T18:06:55.864Z
2026-09-14_1000_griffbereit_mehrsprachige_eltern_kind_gruppe_von_1_3_j_fbf_friedensstrasse_coerde,Griffbereit - mehrsprachige Eltern-Kind-Gruppe von 1-3 J.,2026-09-14,10:00,2026-09-14,11:30,Begegnungszentrum Meerwiese/Treff/Eingang Nord,"An der Meerwiese 25, 48157 Münster",Münster-Coerde,FamilienBildung Friedensstraße,Bildung / Familie / Stadtteil,scheduled,FamilienBildung Friedensstraße,https://www.familienbildung-friedensstrasse.de/kurssuche/kurs/Griffbereit-mehrsprachige-Eltern-Kind-Gruppe-von-1-3-J/2602-2932,2026-09-10T18:06:55.864Z
2026-09-14_1300_pilates_in_coerde_fbf_friedensstrasse_coerde,Pilates in Coerde,2026-09-14,13:00,2026-09-14,14:00,Begegnungszentrum Meerwiese/Saal,"An der Meerwiese 25, 48157 Münster",Münster-Coerde,FamilienBildung Friedensstraße,Bildung / Familie / Stadtteil,scheduled,FamilienBildung Friedensstraße,https://www.familienbildung-friedensstrasse.de/kurssuche/kurs/Pilates-in-Coerde/2606-6504,2026-09-10T18:06:55.864Z
2026-09-14_1430_offener_spieletreff_fur_senior_innen_doppelkopfrunde_alter_werden_in_coerde_awo_coerde_mittendrin,"Offener Spieletreff für Senior*innen / Doppelkopfrunde ""Älter werden in Coerde""",2026-09-14,14:30,2026-09-14,17:00,AWO Coerde mittendrin,"Königsberger Straße 8, 48157 Münster-Coerde",Münster-Coerde,AWO Coerde mittendrin,Stadtteil / Begegnung / Beratung,scheduled,AWO Coerde mittendrin,https://www.awo-msl-re.de/einrichtung/coerde-mittendrin?downloadFile=34b25336-4aca-11f1-bfc6-c7cf9d9a4485,2026-09-10T18:06:55.864Z
2026-09-14_1530_eltern_kind_waldspielgruppe_laufalter_bis_6_j_dyckburger_wald_fbf_friedensstrasse_coerde,Eltern-Kind-Waldspielgruppe Laufalter bis 6 J. Dyckburger Wald,2026-09-14,15:30,2026-09-14,17:00,Treffpunkt Parkplatz an der Dyckburgkirche,"Dyckburger Str. 224, 48157 Münster",Münster-Coerde,FamilienBildung Friedensstraße,Bildung / Familie / Stadtteil,scheduled,FamilienBildung Friedensstraße,https://www.familienbildung-friedensstrasse.de/kurssuche/kurs/Eltern-Kind-Waldspielgruppe-Laufalter-bis-6-J-Dyckburger-Wald/2602-2637,2026-09-10T18:06:55.864Z
2026-09-14_1730_pilates_in_coerde_fbf_friedensstrasse_coerde,Pilates in Coerde,2026-09-14,17:30,2026-09-14,18:30,Begegnungszentrum Meerwiese/Saal,"An der Meerwiese 25, 48157 Münster",Münster-Coerde,FamilienBildung Friedensstraße,Bildung / Familie / Stadtteil,scheduled,FamilienBildung Friedensstraße,https://www.familienbildung-friedensstrasse.de/kurssuche/kurs/Pilates-in-Coerde/2606-6512,2026-09-10T18:06:55.864Z
2026-09-14_1800_andreas_singekreis_andreas_kirchengemeinde_startseite,Andreas Singekreis,2026-09-14,18:00,2026-09-14,,Andreas-Kirchengemeinde Münster-Coerde,Münster-Coerde,Münster-Coerde,Ev. Andreas-Kirchengemeinde Münster-Coerde,Kirche / Stadtteil / Begegnung,scheduled,Ev. Andreas-Kirchengemeinde Münster-Coerde – Startseite,https://www.andreas-kirchengemeinde-muenster.de/,2026-09-10T18:06:55.864Z
2026-09-14_1830_pilates_in_coerde_fbf_friedensstrasse_coerde,Pilates in Coerde,2026-09-14,18:30,2026-09-14,19:30,Begegnungszentrum Meerwiese/Saal,"An der Meerwiese 25, 48157 Münster",Münster-Coerde,FamilienBildung Friedensstraße,Bildung / Familie / Stadtteil,scheduled,FamilienBildung Friedensstraße,https://www.familienbildung-friedensstrasse.de/kurssuche/kurs/Pilates-in-Coerde/2606-6520,2026-09-10T18:06:55.864Z
2026-09-15_0915_deutsch_fur_migrantinnen_alltagsnah_deutsch_lernen_im_stadtteilburo_fbf_friedensstrasse_coerde,Deutsch für Migrantinnen - alltagsnah Deutsch lernen im Stadtteilbüro,2026-09-15,09:15,2026-09-15,12:00,Stadtteilbüro Coerde der AWO,"Nerzweg 9, 48157 Münster",Münster-Coerde,FamilienBildung Friedensstraße,Bildung / Familie / Stadtteil,scheduled,FamilienBildung Friedensstraße,https://www.familienbildung-friedensstrasse.de/kurssuche/kurs/Deutsch-fuer-Migrantinnen-alltagsnah-Deutsch-lernen-im-Stadtteilbuero/2604-4410,2026-09-10T18:06:55.864Z
2026-09-15_0930_sure_start_die_babyspielstunde_coerde_fbf_friedensstrasse_coerde,Sure Start - Die Babyspielstunde Coerde,2026-09-15,09:30,2026-09-15,12:30,Begegnungszentrum Meerwiese/Treff + Kreativ,,Münster-Coerde,FamilienBildung Friedensstraße,Bildung / Familie / Stadtteil,scheduled,FamilienBildung Friedensstraße,https://www.familienbildung-friedensstrasse.de/kurssuche/kurs/Sure-Start-Die-Babyspielstunde-Coerde/2602-2402,2026-09-10T18:06:55.864Z
2026-09-15_1330_offene_beratungszeit_antidiskriminierungsarbeit_in_coerde_awo_coerde_mittendrin,Offene Beratungszeit: Antidiskriminierungsarbeit in Coerde,2026-09-15,13:30,2026-09-15,14:30,AWO Coerde mittendrin,"Königsberger Straße 8, 48157 Münster-Coerde",Münster-Coerde,AWO Coerde mittendrin,Stadtteil / Begegnung / Beratung,scheduled,AWO Coerde mittendrin,https://www.awo-msl-re.de/einrichtung/coerde-mittendrin?downloadFile=34b25336-4aca-11f1-bfc6-c7cf9d9a4485,2026-09-10T18:06:55.864Z
2026-09-15_1600_deutsch_fur_migrant_innen_alltagsnah_deutsch_lernen_im_coerde_mittendrin_fbf_friedensstrasse_coerde,Deutsch für Migrant:innen - alltagsnah Deutsch lernen im coerde mittendrin,2026-09-15,16:00,2026-09-15,18:00,coerde mittendrin,"Königsberger Str. 8, 48157 Münster",Münster-Coerde,FamilienBildung Friedensstraße,Bildung / Familie / Stadtteil,scheduled,FamilienBildung Friedensstraße,https://www.familienbildung-friedensstrasse.de/kurssuche/kurs/Deutsch-fuer-Migrantinnen-alltagsnah-Deutsch-lernen-im-coerde-mittendrin/2604-4418,2026-09-10T18:06:55.864Z
2026-09-15_1900_malen_mit_aquarell_und_acrylfarben_fbf_friedensstrasse_coerde,Malen mit Aquarell- und Acrylfarben,2026-09-15,19:00,2026-09-15,21:15,Begegnungszentrum Meerwiese/Treff,,Münster-Coerde,FamilienBildung Friedensstraße,Bildung / Familie / Stadtteil,scheduled,FamilienBildung Friedensstraße,https://www.familienbildung-friedensstrasse.de/kurssuche/kurs/Malen-mit-Aquarell--und-Acrylfarben/2608-8033,2026-09-10T18:06:55.864Z
2026-09-15_1915_gesellschaftstanze_fur_paare_fur_fortgeschrittene_ii_fbf_friedensstrasse_coerde,Gesellschaftstänze für Paare – für Fortgeschrittene II,2026-09-15,19:15,2026-09-15,20:15,Begegnungszentrum Meerwiese/Saal,"An der Meerwiese 25, 48157 Münster",Münster-Coerde,FamilienBildung Friedensstraße,Bildung / Familie / Stadtteil,scheduled,FamilienBildung Friedensstraße,https://www.familienbildung-friedensstrasse.de/kurssuche/kurs/Gesellschaftstaenze-fuer-Paare-fuer-Fortgeschrittene-II/2606-6612,2026-09-10T18:06:55.864Z
2026-09-15_2015_gesellschaftstanze_fur_paare_fur_fortgeschrittene_i_fbf_friedensstrasse_coerde,Gesellschaftstänze für Paare – für Fortgeschrittene I,2026-09-15,20:15,2026-09-15,21:15,Begegnungszentrum Meerwiese/Saal,"An der Meerwiese 25, 48157 Münster",Münster-Coerde,FamilienBildung Friedensstraße,Bildung / Familie / Stadtteil,scheduled,FamilienBildung Friedensstraße,https://www.familienbildung-friedensstrasse.de/kurssuche/kurs/Gesellschaftstaenze-fuer-Paare-fuer-Fortgeschrittene-I/2606-6606,2026-09-10T18:06:55.864Z
2026-09-16_ganztag_wochentliche_offene_beratungszeit_empowerment_rassismuskritik_nachhaltigkeit_koo_iriba_brunnen_termine,Wöchentliche offene Beratungszeit – Empowerment / Rassismuskritik / Nachhaltigkeit & Kooperationen (wöchentlich),2026-09-16,,2026-09-16,,coerde mittendrin,"Königsberger Straße 8, 48157 Münster",Münster-Coerde,Iriba-Brunnen e.V.,Stadtteil / Begegnung / Engagement,scheduled,Iriba-Brunnen – Termine,https://www.iriba-brunnen.de/termine-archiv/woechentliche-offene-beratungszeit-empowerment-rassismuskritik-nachhaltigkeit-kooperationen/,2026-09-10T18:06:55.864Z
2026-09-16_0900_migrationsberatung_mbe_in_munster_coerde_drk_munster_migrationsberatung_mbe,Migrationsberatung (MBE) in Münster-Coerde,2026-09-16,09:00,2026-09-16,15:00,DRK Münster – Migrationsberatung,"Hamannplatz 26/28, 48157 Münster-Coerde",Münster-Coerde,Deutsches Rotes Kreuz Münster,,scheduled,DRK Münster – Migrationsberatung (MBE),https://www.drk-muenster.de/angebot/migrationsberatung.html,2026-09-10T18:06:55.864Z
2026-09-16_1000_fruhstuckstreff_mit_anmeldung_unter_tel_01520_9123615_awo_coerde_mittendrin,Frühstückstreff (mit Anmeldung unter Tel.: 01520 9123615),2026-09-16,10:00,2026-09-16,12:00,AWO Coerde mittendrin,"Königsberger Straße 8, 48157 Münster-Coerde",Münster-Coerde,AWO Coerde mittendrin,Stadtteil / Begegnung / Beratung,scheduled,AWO Coerde mittendrin,https://www.awo-msl-re.de/einrichtung/coerde-mittendrin?downloadFile=34b25336-4aca-11f1-bfc6-c7cf9d9a4485,2026-09-10T18:06:55.864Z
2026-09-16_1400_sure_start_plus_die_familienspielstunde_coerde_fbf_friedensstrasse_coerde,Sure Start Plus - Die Familienspielstunde Coerde,2026-09-16,14:00,2026-09-16,17:00,Kita Wertvoll,"Kiesekampweg 8, Münster",Münster-Coerde,FamilienBildung Friedensstraße,Bildung / Familie / Stadtteil,scheduled,FamilienBildung Friedensstraße,https://www.familienbildung-friedensstrasse.de/kurssuche/kurs/Sure-Start-Plus-Die-Familienspielstunde-Coerde/2602-2912,2026-09-10T18:06:55.864Z
2026-09-16_1430_lernspielgruppe_fur_eltern_und_kinder_in_der_kitazeit_fbf_friedensstrasse_coerde,Lernspielgruppe für Eltern und Kinder in der Kitazeit,2026-09-16,14:30,2026-09-16,17:30,Begegnungszentrum Meerwiese/Kreativ,,Münster-Coerde,FamilienBildung Friedensstraße,Bildung / Familie / Stadtteil,scheduled,FamilienBildung Friedensstraße,https://www.familienbildung-friedensstrasse.de/kurssuche/kurs/Lernspielgruppe-fuer-Eltern-und-Kinder-in-der-Kitazeit/2602-2922,2026-09-10T18:06:55.864Z
2026-09-16_1545_eltern_kind_waldspielgruppe_laufalter_bis_6_j_dyckburger_wald_fbf_friedensstrasse_coerde,Eltern-Kind-Waldspielgruppe Laufalter bis 6 J. Dyckburger Wald,2026-09-16,15:45,2026-09-16,17:15,Treffpunkt Parkplatz an der Dyckburgkirche,"Dyckburger Str. 224, 48157 Münster",Münster-Coerde,FamilienBildung Friedensstraße,Bildung / Familie / Stadtteil,scheduled,FamilienBildung Friedensstraße,https://www.familienbildung-friedensstrasse.de/kurssuche/kurs/Eltern-Kind-Waldspielgruppe-Laufalter-bis-6-J-Dyckburger-Wald/2602-2632,2026-09-10T18:06:55.864Z
2026-09-16_1800_heimat_remixed_musik_der_kulturen_iriba_brunnen_termine,Heimat remixed – Musik der Kulturen,2026-09-16,18:00,2026-09-16,20:30,Franziskushaus in Coerde,"Schneidemühlerstr. 23, 48157 Münster",Münster-Coerde,Iriba-Brunnen e.V.,Stadtteil / Begegnung / Engagement,scheduled,Iriba-Brunnen – Termine,https://www.iriba-brunnen.de/termine-archiv/https-www-iriba-brunnen-de-termine-archiv-heimat-remixed-musik-der-kulturen/,2026-09-10T18:06:55.864Z
2026-09-16_1830_yoga_an_der_meerwiese_fbf_friedensstrasse_coerde,Yoga An der Meerwiese,2026-09-16,18:30,2026-09-16,20:00,DRK Kita Meerwiese,"An der Meerwiese 11, 48157 Münster",Münster-Coerde,FamilienBildung Friedensstraße,Bildung / Familie / Stadtteil,scheduled,FamilienBildung Friedensstraße,https://www.familienbildung-friedensstrasse.de/kurssuche/kurs/Yoga-An-der-Meerwiese/2606-6056,2026-09-10T18:06:55.864Z
2026-09-17_0930_sure_start_die_babyspielstunde_coerde_fbf_friedensstrasse_coerde,Sure Start - Die Babyspielstunde Coerde,2026-09-17,09:30,2026-09-17,12:30,Begegnungszentrum Meerwiese,"An der Meerwiese 25, 48157 Münster",Münster-Coerde,FamilienBildung Friedensstraße,Bildung / Familie / Stadtteil,scheduled,FamilienBildung Friedensstraße,https://www.familienbildung-friedensstrasse.de/kurssuche/kurs/Sure-Start-Die-Babyspielstunde-Coerde/2602-2422,2026-09-10T18:06:55.864Z
2026-09-17_1100_offene_sprechstunde_coerde_mittendrin_awo_coerde_mittendrin,Offene Sprechstunde „coerde mittendrin“,2026-09-17,11:00,2026-09-17,13:00,AWO Coerde mittendrin,"Königsberger Straße 8, 48157 Münster-Coerde",Münster-Coerde,AWO Coerde mittendrin,Stadtteil / Begegnung / Beratung,scheduled,AWO Coerde mittendrin,https://www.awo-msl-re.de/einrichtung/coerde-mittendrin?downloadFile=34b25336-4aca-11f1-bfc6-c7cf9d9a4485,2026-09-10T18:06:55.864Z
2026-09-17_1430_komm_wir_sprechen_deutsch_fbf_friedensstrasse_coerde,"Komm, wir sprechen deutsch!",2026-09-17,14:30,2026-09-17,16:00,coerde mittendrin,"Königsberger Str. 8, 48157 Münster",Münster-Coerde,FamilienBildung Friedensstraße,Bildung / Familie / Stadtteil,scheduled,FamilienBildung Friedensstraße,https://www.familienbildung-friedensstrasse.de/kurssuche/kurs/Komm-wir-sprechen-deutsch/2604-4402,2026-09-10T18:06:55.864Z
2026-09-17_1430_praktische_ernahrungsbildung_fur_eltern_mit_ihren_kindern_ab_3_jahren_fbf_friedensstrasse_coerde,Praktische Ernährungsbildung für Eltern mit ihren Kindern ab 3 Jahren,2026-09-17,14:30,2026-09-17,16:45,Kita Wertvoll,"Kiesekampweg 8, Münster",Münster-Coerde,FamilienBildung Friedensstraße,Bildung / Familie / Stadtteil,scheduled,FamilienBildung Friedensstraße,https://www.familienbildung-friedensstrasse.de/kurssuche/kurs/Praktische-Ernaehrungsbildung-fuer-Eltern-mit-ihren-Kindern-ab-3-Jahren/2602-2938,2026-09-10T18:06:55.864Z
2026-09-17_1600_turnen_und_toben_fur_gross_eltern_und_kinder_1_3_j_an_der_meerwiese_fbf_friedensstrasse_coerde,Turnen und Toben für (Groß-)Eltern und Kinder 1-3 J. An der Meerwiese,2026-09-17,16:00,2026-09-17,17:00,DRK Kita Meerwiese,"An der Meerwiese 11, 48157 Münster",Münster-Coerde,FamilienBildung Friedensstraße,Bildung / Familie / Stadtteil,scheduled,FamilienBildung Friedensstraße,https://www.familienbildung-friedensstrasse.de/kurssuche/kurs/Turnen-und-Toben-fuer-Gross-Eltern-und-Kinder-1-3-J-An-der-Meerwiese/2602-2752,2026-09-10T18:06:55.864Z
2026-09-17_1945_zumba_workout_fitness_fbf_friedensstrasse_coerde,Zumba® Workout Fitness,2026-09-17,19:45,2026-09-17,20:45,Begegnungszentrum Meerwiese/Saal,"An der Meerwiese 25, 48157 Münster",Münster-Coerde,FamilienBildung Friedensstraße,Bildung / Familie / Stadtteil,scheduled,FamilienBildung Friedensstraße,https://www.familienbildung-friedensstrasse.de/kurssuche/kurs/Zumba-Workout-Fitness/2606-6568,2026-09-10T18:06:55.864Z
2026-09-18_0900_gemeinsames_fruhstuck_im_kirchenzentrum_andreas_kirchengemeinde_startseite,Gemeinsames Frühstück im Kirchenzentrum,2026-09-18,09:00,2026-09-18,,Andreas-Kirchengemeinde Münster-Coerde,Münster-Coerde,Münster-Coerde,Ev. Andreas-Kirchengemeinde Münster-Coerde,Kirche / Stadtteil / Begegnung,scheduled,Ev. Andreas-Kirchengemeinde Münster-Coerde – Startseite,https://www.andreas-kirchengemeinde-muenster.de/,2026-09-10T18:06:55.864Z
2026-09-18_0915_deutsch_fur_migrantinnen_alltagsnah_deutsch_lernen_an_der_meerwiese_fbf_friedensstrasse_coerde,Deutsch für Migrantinnen - alltagsnah Deutsch lernen an der Meerwiese,2026-09-18,09:15,2026-09-18,12:00,Begegnungszentrum Meerwiese/Treff + Kreativ,,Münster-Coerde,FamilienBildung Friedensstraße,Bildung / Familie / Stadtteil,scheduled,FamilienBildung Friedensstraße,https://www.familienbildung-friedensstrasse.de/kurssuche/kurs/Deutsch-fuer-Migrantinnen-alltagsnah-Deutsch-lernen-an-der-Meerwiese/2604-4414,2026-09-10T18:06:55.864Z
2026-09-18_1000_mutter_treff_coerde_initiative_chack_mutter_treff_coerde,Mütter-Treff Coerde,2026-09-18,10:00,2026-09-18,12:00,Kita „wert-voll“,"Kiesekampweg 8, Münster-Coerde",Münster-Coerde,Initiative ChaCK e.V.,,scheduled,Initiative ChaCK – Mütter-Treff Coerde,https://initiative-chack.de/projekte/muetter-treff-coerde/,2026-09-10T18:06:55.864Z
2026-09-18_ganztag_gemeinsam_sichtbar_stark_madchen_aus_coerde_gsmc_wochentlich_iriba_brunnen_termine,Gemeinsam sichtbar & stark – Mädchen aus Coerde (GSMC) (wöchentlich),2026-09-18,16:30,2026-09-18,18:00,coerde mittendrin,"Königsberger Straße 8, 48157 Münster",Münster-Coerde,Iriba-Brunnen e.V.,Stadtteil / Begegnung / Engagement,scheduled,Iriba-Brunnen – Termine,https://www.iriba-brunnen.de/termine-archiv/gemeinsam-sichtbar-stark-maedchen-aus-coerde-gsmc/,2026-09-10T18:06:55.864Z
2026-09-18_1700_offener_spieletreff_2_4_montag_im_monat_awo_coerde_mittendrin,Offener Spieletreff (2. & 4. Montag im Monat),2026-09-18,17:00,2026-09-18,19:00,AWO Coerde mittendrin,"Königsberger Straße 8, 48157 Münster-Coerde",Münster-Coerde,AWO Coerde mittendrin,Stadtteil / Begegnung / Beratung,scheduled,AWO Coerde mittendrin,https://www.awo-msl-re.de/einrichtung/coerde-mittendrin?downloadFile=34b25336-4aca-11f1-bfc6-c7cf9d9a4485,2026-09-10T18:06:55.864Z
2026-09-18_1930_vorlese_cafe_im_september_auf_turkisch_deutsch_mit_musik_kulturinitiative_coerde,Vorlese-Café im September auf Türkisch & Deutsch mit Musik,2026-09-18,19:30,2026-09-18,21:00,Begegnungszentrum Meerwiese,"An der Meerwiese 25, 48157, Münster",Münster-Coerde,Kulturinitiative Coerde e. V.,Kultur / Stadtteil / Ehrenamt,scheduled,Kulturinitiative Coerde,https://kulturinitiative-coerde.de/termin/vorlese-cafe-im-september/,2026-09-10T18:06:55.864Z
2026-09-19_ganztag_6_rock_am_berg_festival_rock_am_berg,6. Rock am Berg Festival,2026-09-19,,2026-09-19,,Rieselfelder Kotten,"Münster, Rieselfelder Kotten",Münster-Coerde,Rock am Berg Münster,Musik / Konzert / Stadtteil,scheduled,Rock am Berg,https://www.rockamberg-ms.de/,2026-09-10T18:06:55.864Z
2026-09-19_1400_ost_europa_seminar_nie_wieder_allein_leitung_joachim_wieder_meerwiese_theater,Ost-Europa-Seminar: Nie wieder allein – Leitung: Joachim Wieder,2026-09-19,14:00,2026-09-19,19:00,Begegnungszentrum und Theater in der Meerwiese,An der Meerwiese 25,Münster-Coerde,Stadt Münster Veranstaltungskalender,Theater / Kultur / Tanz / Kinderkultur,scheduled,Stadt Münster Veranstaltungskalender,https://www.stadt-muenster.de/veranstaltungskalender/-/detail/2788/15383/ost-europa-seminar-nie-wieder-allein-leitung-joachim-wieder,2026-09-10T18:06:55.864Z
2026-09-19_1500_nachhilfeangebot_awo_coerde_mittendrin,Nachhilfeangebot,2026-09-19,15:00,2026-09-19,17:00,AWO Coerde mittendrin,"Königsberger Straße 8, 48157 Münster-Coerde",Münster-Coerde,AWO Coerde mittendrin,Stadtteil / Begegnung / Beratung,scheduled,AWO Coerde mittendrin,https://www.awo-msl-re.de/einrichtung/coerde-mittendrin?downloadFile=34b25336-4aca-11f1-bfc6-c7cf9d9a4485,2026-09-10T18:06:55.864Z
2026-09-20_0930_gottesdienst_mit_abendmahl_andreas_kirchengemeinde_startseite,Gottesdienst mit Abendmahl,2026-09-20,09:30,2026-09-20,,Andreas-Kirchengemeinde Münster-Coerde,Münster-Coerde,Münster-Coerde,Ev. Andreas-Kirchengemeinde Münster-Coerde,Kirche / Stadtteil / Begegnung,scheduled,Ev. Andreas-Kirchengemeinde Münster-Coerde – Startseite,https://www.andreas-kirchengemeinde-muenster.de/,2026-09-10T18:06:55.864Z
2026-09-20_1000_ost_europa_seminar_nie_wieder_allein_leitung_joachim_wieder_meerwiese_theater,Ost-Europa-Seminar: Nie wieder allein – Leitung: Joachim Wieder,2026-09-20,10:00,2026-09-20,14:00,Begegnungszentrum und Theater in der Meerwiese,An der Meerwiese 25,Münster-Coerde,Stadt Münster Veranstaltungskalender,Theater / Kultur / Tanz / Kinderkultur,scheduled,Stadt Münster Veranstaltungskalender,https://www.stadt-muenster.de/veranstaltungskalender/-/detail/2788/15843/ost-europa-seminar-nie-wieder-allein-leitung-joachim-wieder,2026-09-10T18:06:55.864Z
2026-09-21_0930_yoga_fur_senior_innen_fbf_friedensstrasse_coerde,Yoga für Senior:innen,2026-09-21,09:30,2026-09-21,10:30,Begegnungszentrum Meerwiese/Saal,"An der Meerwiese 25, 48157 Münster",Münster-Coerde,FamilienBildung Friedensstraße,Bildung / Familie / Stadtteil,scheduled,FamilienBildung Friedensstraße,https://www.familienbildung-friedensstrasse.de/kurssuche/kurs/Yoga-fuer-Seniorinnen/2606-6014,2026-09-10T18:06:55.864Z
2026-09-21_1000_eltern_kind_waldspielgruppe_laufalter_bis_6_j_dyckburger_wald_fbf_friedensstrasse_coerde,Eltern-Kind-Waldspielgruppe Laufalter bis 6 J. Dyckburger Wald,2026-09-21,10:00,2026-09-21,11:30,Treffpunkt Parkplatz an der Dyckburgkirche,"Dyckburger Str. 224, 48157 Münster",Münster-Coerde,FamilienBildung Friedensstraße,Bildung / Familie / Stadtteil,scheduled,FamilienBildung Friedensstraße,https://www.familienbildung-friedensstrasse.de/kurssuche/kurs/Eltern-Kind-Waldspielgruppe-Laufalter-bis-6-J-Dyckburger-Wald/2602-2622,2026-09-10T18:06:55.864Z
2026-09-21_1000_griffbereit_mehrsprachige_eltern_kind_gruppe_von_1_3_j_fbf_friedensstrasse_coerde,Griffbereit - mehrsprachige Eltern-Kind-Gruppe von 1-3 J.,2026-09-21,10:00,2026-09-21,11:30,Begegnungszentrum Meerwiese/Treff/Eingang Nord,"An der Meerwiese 25, 48157 Münster",Münster-Coerde,FamilienBildung Friedensstraße,Bildung / Familie / Stadtteil,scheduled,FamilienBildung Friedensstraße,https://www.familienbildung-friedensstrasse.de/kurssuche/kurs/Griffbereit-mehrsprachige-Eltern-Kind-Gruppe-von-1-3-J/2602-2932,2026-09-10T18:06:55.864Z
2026-09-21_1300_pilates_in_coerde_fbf_friedensstrasse_coerde,Pilates in Coerde,2026-09-21,13:00,2026-09-21,14:00,Begegnungszentrum Meerwiese/Saal,"An der Meerwiese 25, 48157 Münster",Münster-Coerde,FamilienBildung Friedensstraße,Bildung / Familie / Stadtteil,scheduled,FamilienBildung Friedensstraße,https://www.familienbildung-friedensstrasse.de/kurssuche/kurs/Pilates-in-Coerde/2606-6504,2026-09-10T18:06:55.864Z
2026-09-21_1430_offener_spieletreff_fur_senior_innen_doppelkopfrunde_alter_werden_in_coerde_awo_coerde_mittendrin,"Offener Spieletreff für Senior*innen / Doppelkopfrunde ""Älter werden in Coerde""",2026-09-21,14:30,2026-09-21,17:00,AWO Coerde mittendrin,"Königsberger Straße 8, 48157 Münster-Coerde",Münster-Coerde,AWO Coerde mittendrin,Stadtteil / Begegnung / Beratung,scheduled,AWO Coerde mittendrin,https://www.awo-msl-re.de/einrichtung/coerde-mittendrin?downloadFile=34b25336-4aca-11f1-bfc6-c7cf9d9a4485,2026-09-10T18:06:55.864Z
2026-09-21_1530_eltern_kind_waldspielgruppe_laufalter_bis_6_j_dyckburger_wald_fbf_friedensstrasse_coerde,Eltern-Kind-Waldspielgruppe Laufalter bis 6 J. Dyckburger Wald,2026-09-21,15:30,2026-09-21,17:00,Treffpunkt Parkplatz an der Dyckburgkirche,"Dyckburger Str. 224, 48157 Münster",Münster-Coerde,FamilienBildung Friedensstraße,Bildung / Familie / Stadtteil,scheduled,FamilienBildung Friedensstraße,https://www.familienbildung-friedensstrasse.de/kurssuche/kurs/Eltern-Kind-Waldspielgruppe-Laufalter-bis-6-J-Dyckburger-Wald/2602-2637,2026-09-10T18:06:55.864Z
2026-09-22_0915_deutsch_fur_migrantinnen_alltagsnah_deutsch_lernen_im_stadtteilburo_fbf_friedensstrasse_coerde,Deutsch für Migrantinnen - alltagsnah Deutsch lernen im Stadtteilbüro,2026-09-22,09:15,2026-09-22,12:00,Stadtteilbüro Coerde der AWO,"Nerzweg 9, 48157 Münster",Münster-Coerde,FamilienBildung Friedensstraße,Bildung / Familie / Stadtteil,scheduled,FamilienBildung Friedensstraße,https://www.familienbildung-friedensstrasse.de/kurssuche/kurs/Deutsch-fuer-Migrantinnen-alltagsnah-Deutsch-lernen-im-Stadtteilbuero/2604-4410,2026-09-10T18:06:55.864Z
2026-09-22_0930_sure_start_die_babyspielstunde_coerde_fbf_friedensstrasse_coerde,Sure Start - Die Babyspielstunde Coerde,2026-09-22,09:30,2026-09-22,12:30,Begegnungszentrum Meerwiese/Treff + Kreativ,,Münster-Coerde,FamilienBildung Friedensstraße,Bildung / Familie / Stadtteil,scheduled,FamilienBildung Friedensstraße,https://www.familienbildung-friedensstrasse.de/kurssuche/kurs/Sure-Start-Die-Babyspielstunde-Coerde/2602-2402,2026-09-10T18:06:55.864Z
2026-09-22_1100_kochprojekt_gemeinsam_am_herd_rezepte_ohne_grenzen_awo_coerde_mittendrin,Kochprojekt „Gemeinsam am Herd – Rezepte ohne Grenzen“,2026-09-22,11:00,2026-09-22,14:00,AWO Coerde mittendrin,"Königsberger Straße 8, 48157 Münster-Coerde",Münster-Coerde,AWO Coerde mittendrin,Stadtteil / Begegnung / Beratung,scheduled,AWO Coerde mittendrin,https://www.awo-msl-re.de/einrichtung/coerde-mittendrin?downloadFile=34b25336-4aca-11f1-bfc6-c7cf9d9a4485,2026-09-10T18:06:55.864Z
2026-09-22_1600_deutsch_fur_migrant_innen_alltagsnah_deutsch_lernen_im_coerde_mittendrin_fbf_friedensstrasse_coerde,Deutsch für Migrant:innen - alltagsnah Deutsch lernen im coerde mittendrin,2026-09-22,16:00,2026-09-22,18:00,coerde mittendrin,"Königsberger Str. 8, 48157 Münster",Münster-Coerde,FamilienBildung Friedensstraße,Bildung / Familie / Stadtteil,scheduled,FamilienBildung Friedensstraße,https://www.familienbildung-friedensstrasse.de/kurssuche/kurs/Deutsch-fuer-Migrantinnen-alltagsnah-Deutsch-lernen-im-coerde-mittendrin/2604-4418,2026-09-10T18:06:55.864Z
2026-09-22_1755_nia_fitness_mit_groove_fbf_friedensstrasse_coerde,Nia® – Fitness mit Groove,2026-09-22,17:55,2026-09-22,18:55,Begegnungszentrum Meerwiese/Saal,"An der Meerwiese 25, 48157 Münster",Münster-Coerde,FamilienBildung Friedensstraße,Bildung / Familie / Stadtteil,scheduled,FamilienBildung Friedensstraße,https://www.familienbildung-friedensstrasse.de/kurssuche/kurs/Nia-Fitness-mit-Groove/2606-6574,2026-09-10T18:06:55.864Z
2026-09-22_1900_malen_mit_aquarell_und_acrylfarben_fbf_friedensstrasse_coerde,Malen mit Aquarell- und Acrylfarben,2026-09-22,19:00,2026-09-22,21:15,Begegnungszentrum Meerwiese/Treff,,Münster-Coerde,FamilienBildung Friedensstraße,Bildung / Familie / Stadtteil,scheduled,FamilienBildung Friedensstraße,https://www.familienbildung-friedensstrasse.de/kurssuche/kurs/Malen-mit-Aquarell--und-Acrylfarben/2608-8033,2026-09-10T18:06:55.864Z
2026-09-22_1915_gesellschaftstanze_fur_paare_fur_fortgeschrittene_ii_fbf_friedensstrasse_coerde,Gesellschaftstänze für Paare – für Fortgeschrittene II,2026-09-22,19:15,2026-09-22,20:15,Begegnungszentrum Meerwiese/Saal,"An der Meerwiese 25, 48157 Münster",Münster-Coerde,FamilienBildung Friedensstraße,Bildung / Familie / Stadtteil,scheduled,FamilienBildung Friedensstraße,https://www.familienbildung-friedensstrasse.de/kurssuche/kurs/Gesellschaftstaenze-fuer-Paare-fuer-Fortgeschrittene-II/2606-6612,2026-09-10T18:06:55.864Z
2026-09-22_2015_gesellschaftstanze_fur_paare_fur_fortgeschrittene_i_fbf_friedensstrasse_coerde,Gesellschaftstänze für Paare – für Fortgeschrittene I,2026-09-22,20:15,2026-09-22,21:15,Begegnungszentrum Meerwiese/Saal,"An der Meerwiese 25, 48157 Münster",Münster-Coerde,FamilienBildung Friedensstraße,Bildung / Familie / Stadtteil,scheduled,FamilienBildung Friedensstraße,https://www.familienbildung-friedensstrasse.de/kurssuche/kurs/Gesellschaftstaenze-fuer-Paare-fuer-Fortgeschrittene-I/2606-6606,2026-09-10T18:06:55.864Z
2026-09-23_ganztag_wochentliche_offene_beratungszeit_empowerment_rassismuskritik_nachhaltigkeit_koo_iriba_brunnen_termine,Wöchentliche offene Beratungszeit – Empowerment / Rassismuskritik / Nachhaltigkeit & Kooperationen (wöchentlich),2026-09-23,,2026-09-23,,coerde mittendrin,"Königsberger Straße 8, 48157 Münster",Münster-Coerde,Iriba-Brunnen e.V.,Stadtteil / Begegnung / Engagement,scheduled,Iriba-Brunnen – Termine,https://www.iriba-brunnen.de/termine-archiv/woechentliche-offene-beratungszeit-empowerment-rassismuskritik-nachhaltigkeit-kooperationen/,2026-09-10T18:06:55.864Z
2026-09-23_0900_migrationsberatung_mbe_in_munster_coerde_drk_munster_migrationsberatung_mbe,Migrationsberatung (MBE) in Münster-Coerde,2026-09-23,09:00,2026-09-23,15:00,DRK Münster – Migrationsberatung,"Hamannplatz 26/28, 48157 Münster-Coerde",Münster-Coerde,Deutsches Rotes Kreuz Münster,,scheduled,DRK Münster – Migrationsberatung (MBE),https://www.drk-muenster.de/angebot/migrationsberatung.html,2026-09-10T18:06:55.864Z
2026-09-23_0930_qi_gong_energie_fur_den_tag_fbf_friedensstrasse_coerde,Qi Gong - Energie für den Tag,2026-09-23,09:30,2026-09-23,11:00,Begegnungszentrum Meerwiese/Saal,"An der Meerwiese 25, 48157 Münster",Münster-Coerde,FamilienBildung Friedensstraße,Bildung / Familie / Stadtteil,scheduled,FamilienBildung Friedensstraße,https://www.familienbildung-friedensstrasse.de/kurssuche/kurs/Qi-Gong-Energie-fuer-den-Tag/2606-6258,2026-09-10T18:06:55.864Z
2026-09-23_1000_fruhstuckstreff_mit_anmeldung_unter_tel_01520_9123615_awo_coerde_mittendrin,Frühstückstreff (mit Anmeldung unter Tel.: 01520 9123615),2026-09-23,10:00,2026-09-23,12:00,AWO Coerde mittendrin,"Königsberger Straße 8, 48157 Münster-Coerde",Münster-Coerde,AWO Coerde mittendrin,Stadtteil / Begegnung / Beratung,scheduled,AWO Coerde mittendrin,https://www.awo-msl-re.de/einrichtung/coerde-mittendrin?downloadFile=34b25336-4aca-11f1-bfc6-c7cf9d9a4485,2026-09-10T18:06:55.864Z
2026-09-23_1000_kindermusikfestival_munster_karibuni_weltmusik_fur_kinder_karibuni_aus_munster_meerwiese_theater,Kindermusikfestival Münster: Karibuni – Weltmusik für Kinder – Karibuni aus Münster,2026-09-23,10:00,2026-09-23,10:50,Begegnungszentrum und Theater in der Meerwiese,An der Meerwiese 25,Münster-Coerde,Stadt Münster Veranstaltungskalender,Theater / Kultur / Tanz / Kinderkultur,scheduled,Stadt Münster Veranstaltungskalender,https://www.stadt-muenster.de/veranstaltungskalender/-/detail/2723/15178/kindermusikfestival-muenster-karibuni-weltmusik-fuer-kinder-karibuni-aus-muenster,2026-09-10T18:06:55.864Z
2026-09-23_1400_sure_start_plus_die_familienspielstunde_coerde_fbf_friedensstrasse_coerde,Sure Start Plus - Die Familienspielstunde Coerde,2026-09-23,14:00,2026-09-23,17:00,Kita Wertvoll,"Kiesekampweg 8, Münster",Münster-Coerde,FamilienBildung Friedensstraße,Bildung / Familie / Stadtteil,scheduled,FamilienBildung Friedensstraße,https://www.familienbildung-friedensstrasse.de/kurssuche/kurs/Sure-Start-Plus-Die-Familienspielstunde-Coerde/2602-2912,2026-09-10T18:06:55.864Z
2026-09-23_1430_lernspielgruppe_fur_eltern_und_kinder_in_der_kitazeit_fbf_friedensstrasse_coerde,Lernspielgruppe für Eltern und Kinder in der Kitazeit,2026-09-23,14:30,2026-09-23,17:30,Begegnungszentrum Meerwiese/Kreativ,,Münster-Coerde,FamilienBildung Friedensstraße,Bildung / Familie / Stadtteil,scheduled,FamilienBildung Friedensstraße,https://www.familienbildung-friedensstrasse.de/kurssuche/kurs/Lernspielgruppe-fuer-Eltern-und-Kinder-in-der-Kitazeit/2602-2922,2026-09-10T18:06:55.864Z
2026-09-23_1545_eltern_kind_waldspielgruppe_laufalter_bis_6_j_dyckburger_wald_fbf_friedensstrasse_coerde,Eltern-Kind-Waldspielgruppe Laufalter bis 6 J. Dyckburger Wald,2026-09-23,15:45,2026-09-23,17:15,Treffpunkt Parkplatz an der Dyckburgkirche,"Dyckburger Str. 224, 48157 Münster",Münster-Coerde,FamilienBildung Friedensstraße,Bildung / Familie / Stadtteil,scheduled,FamilienBildung Friedensstraße,https://www.familienbildung-friedensstrasse.de/kurssuche/kurs/Eltern-Kind-Waldspielgruppe-Laufalter-bis-6-J-Dyckburger-Wald/2602-2632,2026-09-10T18:06:55.864Z
2026-09-23_ganztag_heimat_remixed_musik_der_kulturen_wochentlich_iriba_brunnen_termine,Heimat remixed – Musik der Kulturen (wöchentlich),2026-09-23,18:00,2026-09-23,20:30,Franziskushaus in Coerde,"Schneidemühlerstr. 23, 48157 Münster",Münster-Coerde,Iriba-Brunnen e.V.,Stadtteil / Begegnung / Engagement,scheduled,Iriba-Brunnen – Termine,https://www.iriba-brunnen.de/termine-archiv/https-www-iriba-brunnen-de-termine-archiv-heimat-remixed-musik-der-kulturen/,2026-09-10T18:06:55.864Z
2026-09-23_1830_yoga_an_der_meerwiese_fbf_friedensstrasse_coerde,Yoga An der Meerwiese,2026-09-23,18:30,2026-09-23,20:00,DRK Kita Meerwiese,"An der Meerwiese 11, 48157 Münster",Münster-Coerde,FamilienBildung Friedensstraße,Bildung / Familie / Stadtteil,scheduled,FamilienBildung Friedensstraße,https://www.familienbildung-friedensstrasse.de/kurssuche/kurs/Yoga-An-der-Meerwiese/2606-6056,2026-09-10T18:06:55.864Z
2026-09-24_0930_sure_start_die_babyspielstunde_coerde_fbf_friedensstrasse_coerde,Sure Start - Die Babyspielstunde Coerde,2026-09-24,09:30,2026-09-24,12:30,Begegnungszentrum Meerwiese,"An der Meerwiese 25, 48157 Münster",Münster-Coerde,FamilienBildung Friedensstraße,Bildung / Familie / Stadtteil,scheduled,FamilienBildung Friedensstraße,https://www.familienbildung-friedensstrasse.de/kurssuche/kurs/Sure-Start-Die-Babyspielstunde-Coerde/2602-2422,2026-09-10T18:06:55.864Z
2026-09-24_1100_offene_sprechstunde_coerde_mittendrin_awo_coerde_mittendrin,Offene Sprechstunde „coerde mittendrin“,2026-09-24,11:00,2026-09-24,13:00,AWO Coerde mittendrin,"Königsberger Straße 8, 48157 Münster-Coerde",Münster-Coerde,AWO Coerde mittendrin,Stadtteil / Begegnung / Beratung,scheduled,AWO Coerde mittendrin,https://www.awo-msl-re.de/einrichtung/coerde-mittendrin?downloadFile=34b25336-4aca-11f1-bfc6-c7cf9d9a4485,2026-09-10T18:06:55.864Z
2026-09-24_1430_komm_wir_sprechen_deutsch_fbf_friedensstrasse_coerde,"Komm, wir sprechen deutsch!",2026-09-24,14:30,2026-09-24,16:00,coerde mittendrin,"Königsberger Str. 8, 48157 Münster",Münster-Coerde,FamilienBildung Friedensstraße,Bildung / Familie / Stadtteil,scheduled,FamilienBildung Friedensstraße,https://www.familienbildung-friedensstrasse.de/kurssuche/kurs/Komm-wir-sprechen-deutsch/2604-4402,2026-09-10T18:06:55.864Z
2026-09-24_1430_praktische_ernahrungsbildung_fur_eltern_mit_ihren_kindern_ab_3_jahren_fbf_friedensstrasse_coerde,Praktische Ernährungsbildung für Eltern mit ihren Kindern ab 3 Jahren,2026-09-24,14:30,2026-09-24,16:45,Kita Wertvoll,"Kiesekampweg 8, Münster",Münster-Coerde,FamilienBildung Friedensstraße,Bildung / Familie / Stadtteil,scheduled,FamilienBildung Friedensstraße,https://www.familienbildung-friedensstrasse.de/kurssuche/kurs/Praktische-Ernaehrungsbildung-fuer-Eltern-mit-ihren-Kindern-ab-3-Jahren/2602-2938,2026-09-10T18:06:55.864Z
2026-09-24_1600_turnen_und_toben_fur_gross_eltern_und_kinder_1_3_j_an_der_meerwiese_fbf_friedensstrasse_coerde,Turnen und Toben für (Groß-)Eltern und Kinder 1-3 J. An der Meerwiese,2026-09-24,16:00,2026-09-24,17:00,DRK Kita Meerwiese,"An der Meerwiese 11, 48157 Münster",Münster-Coerde,FamilienBildung Friedensstraße,Bildung / Familie / Stadtteil,scheduled,FamilienBildung Friedensstraße,https://www.familienbildung-friedensstrasse.de/kurssuche/kurs/Turnen-und-Toben-fuer-Gross-Eltern-und-Kinder-1-3-J-An-der-Meerwiese/2602-2752,2026-09-10T18:06:55.864Z
2026-09-24_1945_zumba_workout_fitness_fbf_friedensstrasse_coerde,Zumba® Workout Fitness,2026-09-24,19:45,2026-09-24,20:45,Begegnungszentrum Meerwiese/Saal,"An der Meerwiese 25, 48157 Münster",Münster-Coerde,FamilienBildung Friedensstraße,Bildung / Familie / Stadtteil,scheduled,FamilienBildung Friedensstraße,https://www.familienbildung-friedensstrasse.de/kurssuche/kurs/Zumba-Workout-Fitness/2606-6568,2026-09-10T18:06:55.864Z
2026-09-25_0900_gemeinsames_fruhstuck_im_kirchenzentrum_andreas_kirchengemeinde_startseite,Gemeinsames Frühstück im Kirchenzentrum,2026-09-25,09:00,2026-09-25,,Andreas-Kirchengemeinde Münster-Coerde,Münster-Coerde,Münster-Coerde,Ev. Andreas-Kirchengemeinde Münster-Coerde,Kirche / Stadtteil / Begegnung,scheduled,Ev. Andreas-Kirchengemeinde Münster-Coerde – Startseite,https://www.andreas-kirchengemeinde-muenster.de/,2026-09-10T18:06:55.864Z
2026-09-25_0915_deutsch_fur_migrantinnen_alltagsnah_deutsch_lernen_an_der_meerwiese_fbf_friedensstrasse_coerde,Deutsch für Migrantinnen - alltagsnah Deutsch lernen an der Meerwiese,2026-09-25,09:15,2026-09-25,12:00,Begegnungszentrum Meerwiese/Treff + Kreativ,,Münster-Coerde,FamilienBildung Friedensstraße,Bildung / Familie / Stadtteil,scheduled,FamilienBildung Friedensstraße,https://www.familienbildung-friedensstrasse.de/kurssuche/kurs/Deutsch-fuer-Migrantinnen-alltagsnah-Deutsch-lernen-an-der-Meerwiese/2604-4414,2026-09-10T18:06:55.864Z
2026-09-25_1000_kindermusikfestival_zauberhafte_welt_des_herrn_alexander_pindakaas_quartett_aus__meerwiese_theater,Kindermusikfestival: Zauberhafte Welt des Herrn Alexander – Pindakaas Quartett aus Münster,2026-09-25,10:00,2026-09-25,10:50,Begegnungszentrum und Theater in der Meerwiese,An der Meerwiese 25,Münster-Coerde,Stadt Münster Veranstaltungskalender,Theater / Kultur / Tanz / Kinderkultur,scheduled,Stadt Münster Veranstaltungskalender,https://www.stadt-muenster.de/veranstaltungskalender/-/detail/2729/15202/kindermusikfestival-zauberhafte-welt-des-herrn-alexander-pindakaas-quartett-aus-muenster,2026-09-10T18:06:55.864Z
2026-09-25_1000_mutter_treff_coerde_initiative_chack_mutter_treff_coerde,Mütter-Treff Coerde,2026-09-25,10:00,2026-09-25,12:00,Kita „wert-voll“,"Kiesekampweg 8, Münster-Coerde",Münster-Coerde,Initiative ChaCK e.V.,,scheduled,Initiative ChaCK – Mütter-Treff Coerde,https://initiative-chack.de/projekte/muetter-treff-coerde/,2026-09-10T18:06:55.864Z
2026-09-25_ganztag_gemeinsam_sichtbar_stark_madchen_aus_coerde_gsmc_wochentlich_iriba_brunnen_termine,Gemeinsam sichtbar & stark – Mädchen aus Coerde (GSMC) (wöchentlich),2026-09-25,16:30,2026-09-25,18:00,coerde mittendrin,"Königsberger Straße 8, 48157 Münster",Münster-Coerde,Iriba-Brunnen e.V.,Stadtteil / Begegnung / Engagement,scheduled,Iriba-Brunnen – Termine,https://www.iriba-brunnen.de/termine-archiv/gemeinsam-sichtbar-stark-maedchen-aus-coerde-gsmc/,2026-09-10T18:06:55.864Z
2026-09-25_1700_offener_spieletreff_2_4_montag_im_monat_awo_coerde_mittendrin,Offener Spieletreff (2. & 4. Montag im Monat),2026-09-25,17:00,2026-09-25,19:00,AWO Coerde mittendrin,"Königsberger Straße 8, 48157 Münster-Coerde",Münster-Coerde,AWO Coerde mittendrin,Stadtteil / Begegnung / Beratung,scheduled,AWO Coerde mittendrin,https://www.awo-msl-re.de/einrichtung/coerde-mittendrin?downloadFile=34b25336-4aca-11f1-bfc6-c7cf9d9a4485,2026-09-10T18:06:55.864Z
2026-09-25_1900_nordlichter_eckels_kladde_events,NORDLICHTER,2026-09-25,19:00,2026-09-25,,Eckels Kladde,Coermühle 50f,Münster-Coerde,Eckels Kladde,Kultur / Musik / Stadtteil,scheduled,e.ssenz / Eckels Kladde – alle Kurse und Events,https://www.eckels-kladde.de/collections/alle-kurse-und-events-in-munster/products/nordlichter-25-09-25-19-uhr-multimediale-prasentation-mit-3-gangen,2026-09-10T18:06:55.864Z
2026-09-26_0930_wurzelzwerge_familienspielzeit_ab_laufalter_bis_6_j_waldstation_coerde_fbf_friedensstrasse_coerde,Wurzelzwerge - Familienspielzeit ab Laufalter bis 6 J. Waldstation Coerde,2026-09-26,09:30,2026-09-26,12:30,Treffpunkt Parkplatz des Waldstadions SV Teutonia Coerde,"Coerheide 46, 48157 Münster",Münster-Coerde,FamilienBildung Friedensstraße,Bildung / Familie / Stadtteil,scheduled,FamilienBildung Friedensstraße,https://www.familienbildung-friedensstrasse.de/kurssuche/kurs/Wurzelzwerge-Familienspielzeit-ab-Laufalter-bis-6-J-Waldstation-Coerde/2602-2897,2026-09-10T18:06:55.864Z
2026-09-26_1500_nachhilfeangebot_awo_coerde_mittendrin,Nachhilfeangebot,2026-09-26,15:00,2026-09-26,17:00,AWO Coerde mittendrin,"Königsberger Straße 8, 48157 Münster-Coerde",Münster-Coerde,AWO Coerde mittendrin,Stadtteil / Begegnung / Beratung,scheduled,AWO Coerde mittendrin,https://www.awo-msl-re.de/einrichtung/coerde-mittendrin?downloadFile=34b25336-4aca-11f1-bfc6-c7cf9d9a4485,2026-09-10T18:06:55.864Z
2026-09-26_1700_kindermusikfestival_munster_cattu_der_traumfanger_cattu_aus_berlin_meerwiese_theater,"Kindermusikfestival Münster: Cattu, der Traumfänger – Cattu aus Berlin",2026-09-26,17:00,2026-09-26,17:50,Begegnungszentrum und Theater in der Meerwiese,An der Meerwiese 25,Münster-Coerde,Stadt Münster Veranstaltungskalender,Theater / Kultur / Tanz / Kinderkultur,scheduled,Stadt Münster Veranstaltungskalender,https://www.stadt-muenster.de/veranstaltungskalender/-/detail/2736/15222/kindermusikfestival-muenster-cattu-der-traumfaenger-cattu-aus-berlin,2026-09-10T18:06:55.864Z
2026-09-26_1900_georg_kreisler_sein_leben_seine_lieder_markus_von_hagen_kabarettist_und_philip_r_meerwiese_theater,"Georg Kreisler – sein Leben, seine Lieder – Markus von Hagen (Kabarettist) und Philip Ritter (Pianist)",2026-09-26,19:00,2026-09-26,20:00,Begegnungszentrum und Theater in der Meerwiese,An der Meerwiese 25,Münster-Coerde,Stadt Münster Veranstaltungskalender,Theater / Kultur / Tanz / Kinderkultur,scheduled,Stadt Münster Veranstaltungskalender,https://www.stadt-muenster.de/veranstaltungskalender/-/detail/2789/15386/georg-kreisler-sein-leben-seine-lieder-markus-von-hagen-kabarettist-und-philip-ritter-pianist,2026-09-10T18:06:55.864Z
2026-09-27_1100_gottesdienst_andreas_kirchengemeinde_startseite,Gottesdienst,2026-09-27,11:00,2026-09-27,,Andreas-Kirchengemeinde Münster-Coerde,Münster-Coerde,Münster-Coerde,Ev. Andreas-Kirchengemeinde Münster-Coerde,Kirche / Stadtteil / Begegnung,scheduled,Ev. Andreas-Kirchengemeinde Münster-Coerde – Startseite,https://www.andreas-kirchengemeinde-muenster.de/,2026-09-10T18:06:55.864Z
2026-09-27_1530_spielarten_2026_du_und_ich_helios_theater_aus_hamm_meerwiese_theater,SPIELARTEN 2026: du und ich – HELIOS Theater aus Hamm,2026-09-27,15:30,2026-09-27,16:20,Begegnungszentrum und Theater in der Meerwiese,An der Meerwiese 25,Münster-Coerde,Stadt Münster Veranstaltungskalender,Theater / Kultur / Tanz / Kinderkultur,scheduled,Stadt Münster Veranstaltungskalender,https://www.stadt-muenster.de/veranstaltungskalender/-/detail/2790/15387/spielarten-2026-du-und-ich-helios-theater-aus-hamm,2026-09-10T18:06:55.864Z
2026-09-28_0930_yoga_fur_senior_innen_fbf_friedensstrasse_coerde,Yoga für Senior:innen,2026-09-28,09:30,2026-09-28,10:30,Begegnungszentrum Meerwiese/Saal,"An der Meerwiese 25, 48157 Münster",Münster-Coerde,FamilienBildung Friedensstraße,Bildung / Familie / Stadtteil,scheduled,FamilienBildung Friedensstraße,https://www.familienbildung-friedensstrasse.de/kurssuche/kurs/Yoga-fuer-Seniorinnen/2606-6014,2026-09-10T18:06:55.864Z
2026-09-28_1000_cryptolike_to_the_moon_sterna_pau_aus_bochum_meerwiese_theater,Cryptolike – To the Moon – STERNA | PAU aus Bochum,2026-09-28,10:00,2026-09-28,11:00,Begegnungszentrum und Theater in der Meerwiese,An der Meerwiese 25,Münster-Coerde,Stadt Münster Veranstaltungskalender,Theater / Kultur / Tanz / Kinderkultur,scheduled,Stadt Münster Veranstaltungskalender,https://www.stadt-muenster.de/veranstaltungskalender/-/detail/2791/15389/cryptolike-to-the-moon-sterna-pau-aus-bochum,2026-09-10T18:06:55.864Z
2026-09-28_1000_eltern_kind_waldspielgruppe_laufalter_bis_6_j_dyckburger_wald_fbf_friedensstrasse_coerde,Eltern-Kind-Waldspielgruppe Laufalter bis 6 J. Dyckburger Wald,2026-09-28,10:00,2026-09-28,11:30,Treffpunkt Parkplatz an der Dyckburgkirche,"Dyckburger Str. 224, 48157 Münster",Münster-Coerde,FamilienBildung Friedensstraße,Bildung / Familie / Stadtteil,scheduled,FamilienBildung Friedensstraße,https://www.familienbildung-friedensstrasse.de/kurssuche/kurs/Eltern-Kind-Waldspielgruppe-Laufalter-bis-6-J-Dyckburger-Wald/2602-2622,2026-09-10T18:06:55.864Z
2026-09-28_1000_griffbereit_mehrsprachige_eltern_kind_gruppe_von_1_3_j_fbf_friedensstrasse_coerde,Griffbereit - mehrsprachige Eltern-Kind-Gruppe von 1-3 J.,2026-09-28,10:00,2026-09-28,11:30,Begegnungszentrum Meerwiese/Treff/Eingang Nord,"An der Meerwiese 25, 48157 Münster",Münster-Coerde,FamilienBildung Friedensstraße,Bildung / Familie / Stadtteil,scheduled,FamilienBildung Friedensstraße,https://www.familienbildung-friedensstrasse.de/kurssuche/kurs/Griffbereit-mehrsprachige-Eltern-Kind-Gruppe-von-1-3-J/2602-2932,2026-09-10T18:06:55.864Z
2026-09-28_1300_pilates_in_coerde_fbf_friedensstrasse_coerde,Pilates in Coerde,2026-09-28,13:00,2026-09-28,14:00,Begegnungszentrum Meerwiese/Saal,"An der Meerwiese 25, 48157 Münster",Münster-Coerde,FamilienBildung Friedensstraße,Bildung / Familie / Stadtteil,scheduled,FamilienBildung Friedensstraße,https://www.familienbildung-friedensstrasse.de/kurssuche/kurs/Pilates-in-Coerde/2606-6504,2026-09-10T18:06:55.864Z
2026-09-28_1430_offener_spieletreff_fur_senior_innen_doppelkopfrunde_alter_werden_in_coerde_awo_coerde_mittendrin,"Offener Spieletreff für Senior*innen / Doppelkopfrunde ""Älter werden in Coerde""",2026-09-28,14:30,2026-09-28,17:00,AWO Coerde mittendrin,"Königsberger Straße 8, 48157 Münster-Coerde",Münster-Coerde,AWO Coerde mittendrin,Stadtteil / Begegnung / Beratung,scheduled,AWO Coerde mittendrin,https://www.awo-msl-re.de/einrichtung/coerde-mittendrin?downloadFile=34b25336-4aca-11f1-bfc6-c7cf9d9a4485,2026-09-10T18:06:55.864Z
2026-09-28_1530_eltern_kind_waldspielgruppe_laufalter_bis_6_j_dyckburger_wald_fbf_friedensstrasse_coerde,Eltern-Kind-Waldspielgruppe Laufalter bis 6 J. Dyckburger Wald,2026-09-28,15:30,2026-09-28,17:00,Treffpunkt Parkplatz an der Dyckburgkirche,"Dyckburger Str. 224, 48157 Münster",Münster-Coerde,FamilienBildung Friedensstraße,Bildung / Familie / Stadtteil,scheduled,FamilienBildung Friedensstraße,https://www.familienbildung-friedensstrasse.de/kurssuche/kurs/Eltern-Kind-Waldspielgruppe-Laufalter-bis-6-J-Dyckburger-Wald/2602-2637,2026-09-10T18:06:55.864Z
2026-09-28_1730_pilates_in_coerde_fbf_friedensstrasse_coerde,Pilates in Coerde,2026-09-28,17:30,2026-09-28,18:30,Begegnungszentrum Meerwiese/Saal,"An der Meerwiese 25, 48157 Münster",Münster-Coerde,FamilienBildung Friedensstraße,Bildung / Familie / Stadtteil,scheduled,FamilienBildung Friedensstraße,https://www.familienbildung-friedensstrasse.de/kurssuche/kurs/Pilates-in-Coerde/2606-6512,2026-09-10T18:06:55.864Z
2026-09-28_1800_andreas_singekreis_andreas_kirchengemeinde_startseite,Andreas Singekreis,2026-09-28,18:00,2026-09-28,,Andreas-Kirchengemeinde Münster-Coerde,Münster-Coerde,Münster-Coerde,Ev. Andreas-Kirchengemeinde Münster-Coerde,Kirche / Stadtteil / Begegnung,scheduled,Ev. Andreas-Kirchengemeinde Münster-Coerde – Startseite,https://www.andreas-kirchengemeinde-muenster.de/,2026-09-10T18:06:55.864Z
2026-09-28_1830_pilates_in_coerde_fbf_friedensstrasse_coerde,Pilates in Coerde,2026-09-28,18:30,2026-09-28,19:30,Begegnungszentrum Meerwiese/Saal,"An der Meerwiese 25, 48157 Münster",Münster-Coerde,FamilienBildung Friedensstraße,Bildung / Familie / Stadtteil,scheduled,FamilienBildung Friedensstraße,https://www.familienbildung-friedensstrasse.de/kurssuche/kurs/Pilates-in-Coerde/2606-6520,2026-09-10T18:06:55.864Z
2026-09-28_1945_gesellschaftstanze_fur_fortgeschrittene_anfanger_innen_fbf_friedensstrasse_coerde,Gesellschaftstänze für fortgeschrittene Anfänger:innen,2026-09-28,19:45,2026-09-28,21:15,Begegnungszentrum Meerwiese/Saal,"An der Meerwiese 25, 48157 Münster",Münster-Coerde,FamilienBildung Friedensstraße,Bildung / Familie / Stadtteil,scheduled,FamilienBildung Friedensstraße,https://www.familienbildung-friedensstrasse.de/kurssuche/kurs/Gesellschaftstaenze-fuer-fortgeschrittene-Anfaengerinnen/2606-6618,2026-09-10T18:06:55.864Z
2026-09-29_0915_deutsch_fur_migrantinnen_alltagsnah_deutsch_lernen_im_stadtteilburo_fbf_friedensstrasse_coerde,Deutsch für Migrantinnen - alltagsnah Deutsch lernen im Stadtteilbüro,2026-09-29,09:15,2026-09-29,12:00,Stadtteilbüro Coerde der AWO,"Nerzweg 9, 48157 Münster",Münster-Coerde,FamilienBildung Friedensstraße,Bildung / Familie / Stadtteil,scheduled,FamilienBildung Friedensstraße,https://www.familienbildung-friedensstrasse.de/kurssuche/kurs/Deutsch-fuer-Migrantinnen-alltagsnah-Deutsch-lernen-im-Stadtteilbuero/2604-4410,2026-09-10T18:06:55.864Z
2026-09-29_0930_sure_start_die_babyspielstunde_coerde_fbf_friedensstrasse_coerde,Sure Start - Die Babyspielstunde Coerde,2026-09-29,09:30,2026-09-29,12:30,Begegnungszentrum Meerwiese/Treff + Kreativ,,Münster-Coerde,FamilienBildung Friedensstraße,Bildung / Familie / Stadtteil,scheduled,FamilienBildung Friedensstraße,https://www.familienbildung-friedensstrasse.de/kurssuche/kurs/Sure-Start-Die-Babyspielstunde-Coerde/2602-2402,2026-09-10T18:06:55.864Z
2026-09-29_0930_theaterzauber_coerde_babilu_und_die_buchstabenbande_theater_don_kidschote_aus_mu_meerwiese_theater,THEATERZAUBER Coerde: Babilu und die Buchstabenbande – Theater Don Kidschote aus Münster,2026-09-29,09:30,2026-09-29,10:20,Begegnungszentrum und Theater in der Meerwiese,An der Meerwiese 25,Münster-Coerde,Stadt Münster Veranstaltungskalender,Theater / Kultur / Tanz / Kinderkultur,scheduled,Stadt Münster Veranstaltungskalender,https://www.stadt-muenster.de/veranstaltungskalender/-/detail/2793/15426/theaterzauber-coerde-babilu-und-die-buchstabenbande-theater-don-kidschote-aus-muenster,2026-09-10T18:06:55.864Z
2026-09-29_1100_kochprojekt_gemeinsam_am_herd_rezepte_ohne_grenzen_awo_coerde_mittendrin,Kochprojekt „Gemeinsam am Herd – Rezepte ohne Grenzen“,2026-09-29,11:00,2026-09-29,14:00,AWO Coerde mittendrin,"Königsberger Straße 8, 48157 Münster-Coerde",Münster-Coerde,AWO Coerde mittendrin,Stadtteil / Begegnung / Beratung,scheduled,AWO Coerde mittendrin,https://www.awo-msl-re.de/einrichtung/coerde-mittendrin?downloadFile=34b25336-4aca-11f1-bfc6-c7cf9d9a4485,2026-09-10T18:06:55.864Z
2026-09-29_1100_theaterzauber_coerde_babilu_und_die_buchstabenbande_theater_don_kidschote_aus_mu_meerwiese_theater,THEATERZAUBER Coerde: Babilu und die Buchstabenbande – Theater Don Kidschote aus Münster,2026-09-29,11:00,2026-09-29,11:50,Begegnungszentrum und Theater in der Meerwiese,An der Meerwiese 25,Münster-Coerde,Stadt Münster Veranstaltungskalender,Theater / Kultur / Tanz / Kinderkultur,scheduled,Stadt Münster Veranstaltungskalender,https://www.stadt-muenster.de/veranstaltungskalender/-/detail/2793/15427/theaterzauber-coerde-babilu-und-die-buchstabenbande-theater-don-kidschote-aus-muenster,2026-09-10T18:06:55.864Z
2026-09-29_1600_deutsch_fur_migrant_innen_alltagsnah_deutsch_lernen_im_coerde_mittendrin_fbf_friedensstrasse_coerde,Deutsch für Migrant:innen - alltagsnah Deutsch lernen im coerde mittendrin,2026-09-29,16:00,2026-09-29,18:00,coerde mittendrin,"Königsberger Str. 8, 48157 Münster",Münster-Coerde,FamilienBildung Friedensstraße,Bildung / Familie / Stadtteil,scheduled,FamilienBildung Friedensstraße,https://www.familienbildung-friedensstrasse.de/kurssuche/kurs/Deutsch-fuer-Migrantinnen-alltagsnah-Deutsch-lernen-im-coerde-mittendrin/2604-4418,2026-09-10T18:06:55.864Z
2026-09-29_1755_nia_fitness_mit_groove_fbf_friedensstrasse_coerde,Nia® – Fitness mit Groove,2026-09-29,17:55,2026-09-29,18:55,Begegnungszentrum Meerwiese/Saal,"An der Meerwiese 25, 48157 Münster",Münster-Coerde,FamilienBildung Friedensstraße,Bildung / Familie / Stadtteil,scheduled,FamilienBildung Friedensstraße,https://www.familienbildung-friedensstrasse.de/kurssuche/kurs/Nia-Fitness-mit-Groove/2606-6574,2026-09-10T18:06:55.864Z
2026-09-29_1900_malen_mit_aquarell_und_acrylfarben_fbf_friedensstrasse_coerde,Malen mit Aquarell- und Acrylfarben,2026-09-29,19:00,2026-09-29,21:15,Begegnungszentrum Meerwiese/Treff,,Münster-Coerde,FamilienBildung Friedensstraße,Bildung / Familie / Stadtteil,scheduled,FamilienBildung Friedensstraße,https://www.familienbildung-friedensstrasse.de/kurssuche/kurs/Malen-mit-Aquarell--und-Acrylfarben/2608-8033,2026-09-10T18:06:55.864Z
2026-09-29_1915_gesellschaftstanze_fur_paare_fur_fortgeschrittene_ii_fbf_friedensstrasse_coerde,Gesellschaftstänze für Paare – für Fortgeschrittene II,2026-09-29,19:15,2026-09-29,20:15,Begegnungszentrum Meerwiese/Saal,"An der Meerwiese 25, 48157 Münster",Münster-Coerde,FamilienBildung Friedensstraße,Bildung / Familie / Stadtteil,scheduled,FamilienBildung Friedensstraße,https://www.familienbildung-friedensstrasse.de/kurssuche/kurs/Gesellschaftstaenze-fuer-Paare-fuer-Fortgeschrittene-II/2606-6612,2026-09-10T18:06:55.864Z
2026-09-29_2015_gesellschaftstanze_fur_paare_fur_fortgeschrittene_i_fbf_friedensstrasse_coerde,Gesellschaftstänze für Paare – für Fortgeschrittene I,2026-09-29,20:15,2026-09-29,21:15,Begegnungszentrum Meerwiese/Saal,"An der Meerwiese 25, 48157 Münster",Münster-Coerde,FamilienBildung Friedensstraße,Bildung / Familie / Stadtteil,scheduled,FamilienBildung Friedensstraße,https://www.familienbildung-friedensstrasse.de/kurssuche/kurs/Gesellschaftstaenze-fuer-Paare-fuer-Fortgeschrittene-I/2606-6606,2026-09-10T18:06:55.864Z
2026-09-30_ganztag_wochentliche_offene_beratungszeit_empowerment_rassismuskritik_nachhaltigkeit_koo_iriba_brunnen_termine,Wöchentliche offene Beratungszeit – Empowerment / Rassismuskritik / Nachhaltigkeit & Kooperationen (wöchentlich),2026-09-30,,2026-09-30,,coerde mittendrin,"Königsberger Straße 8, 48157 Münster",Münster-Coerde,Iriba-Brunnen e.V.,Stadtteil / Begegnung / Engagement,scheduled,Iriba-Brunnen – Termine,https://www.iriba-brunnen.de/termine-archiv/woechentliche-offene-beratungszeit-empowerment-rassismuskritik-nachhaltigkeit-kooperationen/,2026-09-10T18:06:55.864Z
2026-09-30_0815_theaterzauber_coerde_babilu_und_die_buchstabenbande_theater_don_kidschote_aus_mu_meerwiese_theater,THEATERZAUBER Coerde: Babilu und die Buchstabenbande – Theater Don Kidschote aus Münster,2026-09-30,08:15,2026-09-30,09:05,Begegnungszentrum und Theater in der Meerwiese,An der Meerwiese 25,Münster-Coerde,Stadt Münster Veranstaltungskalender,Theater / Kultur / Tanz / Kinderkultur,scheduled,Stadt Münster Veranstaltungskalender,https://www.stadt-muenster.de/veranstaltungskalender/-/detail/2793/15428/theaterzauber-coerde-babilu-und-die-buchstabenbande-theater-don-kidschote-aus-muenster,2026-09-10T18:06:55.864Z
2026-09-30_0900_migrationsberatung_mbe_in_munster_coerde_drk_munster_migrationsberatung_mbe,Migrationsberatung (MBE) in Münster-Coerde,2026-09-30,09:00,2026-09-30,15:00,DRK Münster – Migrationsberatung,"Hamannplatz 26/28, 48157 Münster-Coerde",Münster-Coerde,Deutsches Rotes Kreuz Münster,,scheduled,DRK Münster – Migrationsberatung (MBE),https://www.drk-muenster.de/angebot/migrationsberatung.html,2026-09-10T18:06:55.864Z
2026-09-30_0930_qi_gong_energie_fur_den_tag_fbf_friedensstrasse_coerde,Qi Gong - Energie für den Tag,2026-09-30,09:30,2026-09-30,11:00,Begegnungszentrum Meerwiese/Saal,"An der Meerwiese 25, 48157 Münster",Münster-Coerde,FamilienBildung Friedensstraße,Bildung / Familie / Stadtteil,scheduled,FamilienBildung Friedensstraße,https://www.familienbildung-friedensstrasse.de/kurssuche/kurs/Qi-Gong-Energie-fuer-den-Tag/2606-6258,2026-09-10T18:06:55.864Z
2026-09-30_1000_fruhstuckstreff_mit_anmeldung_unter_tel_01520_9123615_awo_coerde_mittendrin,Frühstückstreff (mit Anmeldung unter Tel.: 01520 9123615),2026-09-30,10:00,2026-09-30,12:00,AWO Coerde mittendrin,"Königsberger Straße 8, 48157 Münster-Coerde",Münster-Coerde,AWO Coerde mittendrin,Stadtteil / Begegnung / Beratung,scheduled,AWO Coerde mittendrin,https://www.awo-msl-re.de/einrichtung/coerde-mittendrin?downloadFile=34b25336-4aca-11f1-bfc6-c7cf9d9a4485,2026-09-10T18:06:55.864Z
2026-09-30_1030_theaterzauber_coerde_babilu_und_die_buchstabenbande_theater_don_kidschote_aus_mu_meerwiese_theater,THEATERZAUBER Coerde: Babilu und die Buchstabenbande – Theater Don Kidschote aus Münster,2026-09-30,10:30,2026-09-30,11:20,Begegnungszentrum und Theater in der Meerwiese,An der Meerwiese 25,Münster-Coerde,Stadt Münster Veranstaltungskalender,Theater / Kultur / Tanz / Kinderkultur,scheduled,Stadt Münster Veranstaltungskalender,https://www.stadt-muenster.de/veranstaltungskalender/-/detail/2793/15429/theaterzauber-coerde-babilu-und-die-buchstabenbande-theater-don-kidschote-aus-muenster,2026-09-10T18:06:55.864Z
2026-09-30_1400_sure_start_plus_die_familienspielstunde_coerde_fbf_friedensstrasse_coerde,Sure Start Plus - Die Familienspielstunde Coerde,2026-09-30,14:00,2026-09-30,17:00,Kita Wertvoll,"Kiesekampweg 8, Münster",Münster-Coerde,FamilienBildung Friedensstraße,Bildung / Familie / Stadtteil,scheduled,FamilienBildung Friedensstraße,https://www.familienbildung-friedensstrasse.de/kurssuche/kurs/Sure-Start-Plus-Die-Familienspielstunde-Coerde/2602-2912,2026-09-10T18:06:55.864Z
2026-09-30_1430_lernspielgruppe_fur_eltern_und_kinder_in_der_kitazeit_fbf_friedensstrasse_coerde,Lernspielgruppe für Eltern und Kinder in der Kitazeit,2026-09-30,14:30,2026-09-30,17:30,Begegnungszentrum Meerwiese/Kreativ,,Münster-Coerde,FamilienBildung Friedensstraße,Bildung / Familie / Stadtteil,scheduled,FamilienBildung Friedensstraße,https://www.familienbildung-friedensstrasse.de/kurssuche/kurs/Lernspielgruppe-fuer-Eltern-und-Kinder-in-der-Kitazeit/2602-2922,2026-09-10T18:06:55.864Z
2026-09-30_1545_eltern_kind_waldspielgruppe_laufalter_bis_6_j_dyckburger_wald_fbf_friedensstrasse_coerde,Eltern-Kind-Waldspielgruppe Laufalter bis 6 J. Dyckburger Wald,2026-09-30,15:45,2026-09-30,17:15,Treffpunkt Parkplatz an der Dyckburgkirche,"Dyckburger Str. 224, 48157 Münster",Münster-Coerde,FamilienBildung Friedensstraße,Bildung / Familie / Stadtteil,scheduled,FamilienBildung Friedensstraße,https://www.familienbildung-friedensstrasse.de/kurssuche/kurs/Eltern-Kind-Waldspielgruppe-Laufalter-bis-6-J-Dyckburger-Wald/2602-2632,2026-09-10T18:06:55.864Z
2026-09-30_ganztag_heimat_remixed_musik_der_kulturen_wochentlich_iriba_brunnen_termine,Heimat remixed – Musik der Kulturen (wöchentlich),2026-09-30,18:00,2026-09-30,20:30,Franziskushaus in Coerde,"Schneidemühlerstr. 23, 48157 Münster",Münster-Coerde,Iriba-Brunnen e.V.,Stadtteil / Begegnung / Engagement,scheduled,Iriba-Brunnen – Termine,https://www.iriba-brunnen.de/termine-archiv/https-www-iriba-brunnen-de-termine-archiv-heimat-remixed-musik-der-kulturen/,2026-09-10T18:06:55.864Z
2026-09-30_1830_yoga_an_der_meerwiese_fbf_friedensstrasse_coerde,Yoga An der Meerwiese,2026-09-30,18:30,2026-09-30,20:00,DRK Kita Meerwiese,"An der Meerwiese 11, 48157 Münster",Münster-Coerde,FamilienBildung Friedensstraße,Bildung / Familie / Stadtteil,scheduled,FamilienBildung Friedensstraße,https://www.familienbildung-friedensstrasse.de/kurssuche/kurs/Yoga-An-der-Meerwiese/2606-6056,2026-09-10T18:06:55.864Z
2026-10-01_0930_sure_start_die_babyspielstunde_coerde_fbf_friedensstrasse_coerde,Sure Start - Die Babyspielstunde Coerde,2026-10-01,09:30,2026-10-01,12:30,Begegnungszentrum Meerwiese,"An der Meerwiese 25, 48157 Münster",Münster-Coerde,FamilienBildung Friedensstraße,Bildung / Familie / Stadtteil,scheduled,FamilienBildung Friedensstraße,https://www.familienbildung-friedensstrasse.de/kurssuche/kurs/Sure-Start-Die-Babyspielstunde-Coerde/2602-2422,2026-09-10T18:06:55.864Z
2026-10-01_1200_polizeisprechstunde_coerde_mittendrin_awo_coerde_mittendrin,Polizeisprechstunde „coerde-mittendrin“,2026-10-01,12:00,2026-10-01,13:00,AWO Coerde mittendrin,"Königsberger Straße 8, 48157 Münster-Coerde",Münster-Coerde,AWO Coerde mittendrin,Stadtteil / Begegnung / Beratung,scheduled,AWO Coerde mittendrin,https://www.awo-msl-re.de/einrichtung/coerde-mittendrin?downloadFile=34b25336-4aca-11f1-bfc6-c7cf9d9a4485,2026-09-10T18:06:55.864Z
2026-10-01_1430_komm_wir_sprechen_deutsch_fbf_friedensstrasse_coerde,"Komm, wir sprechen deutsch!",2026-10-01,14:30,2026-10-01,16:00,coerde mittendrin,"Königsberger Str. 8, 48157 Münster",Münster-Coerde,FamilienBildung Friedensstraße,Bildung / Familie / Stadtteil,scheduled,FamilienBildung Friedensstraße,https://www.familienbildung-friedensstrasse.de/kurssuche/kurs/Komm-wir-sprechen-deutsch/2604-4402,2026-09-10T18:06:55.864Z
2026-10-01_1600_turnen_und_toben_fur_gross_eltern_und_kinder_1_3_j_an_der_meerwiese_fbf_friedensstrasse_coerde,Turnen und Toben für (Groß-)Eltern und Kinder 1-3 J. An der Meerwiese,2026-10-01,16:00,2026-10-01,17:00,DRK Kita Meerwiese,"An der Meerwiese 11, 48157 Münster",Münster-Coerde,FamilienBildung Friedensstraße,Bildung / Familie / Stadtteil,scheduled,FamilienBildung Friedensstraße,https://www.familienbildung-friedensstrasse.de/kurssuche/kurs/Turnen-und-Toben-fuer-Gross-Eltern-und-Kinder-1-3-J-An-der-Meerwiese/2602-2752,2026-09-10T18:06:55.864Z
2026-10-01_1945_zumba_workout_fitness_fbf_friedensstrasse_coerde,Zumba® Workout Fitness,2026-10-01,19:45,2026-10-01,20:45,Begegnungszentrum Meerwiese/Saal,"An der Meerwiese 25, 48157 Münster",Münster-Coerde,FamilienBildung Friedensstraße,Bildung / Familie / Stadtteil,scheduled,FamilienBildung Friedensstraße,https://www.familienbildung-friedensstrasse.de/kurssuche/kurs/Zumba-Workout-Fitness/2606-6568,2026-09-10T18:06:55.864Z
2026-10-02_0915_deutsch_fur_migrantinnen_alltagsnah_deutsch_lernen_an_der_meerwiese_fbf_friedensstrasse_coerde,Deutsch für Migrantinnen - alltagsnah Deutsch lernen an der Meerwiese,2026-10-02,09:15,2026-10-02,12:00,Begegnungszentrum Meerwiese/Treff + Kreativ,,Münster-Coerde,FamilienBildung Friedensstraße,Bildung / Familie / Stadtteil,scheduled,FamilienBildung Friedensstraße,https://www.familienbildung-friedensstrasse.de/kurssuche/kurs/Deutsch-fuer-Migrantinnen-alltagsnah-Deutsch-lernen-an-der-Meerwiese/2604-4414,2026-09-10T18:06:55.864Z
2026-10-02_1000_mutter_treff_coerde_initiative_chack_mutter_treff_coerde,Mütter-Treff Coerde,2026-10-02,10:00,2026-10-02,12:00,Kita „wert-voll“,"Kiesekampweg 8, Münster-Coerde",Münster-Coerde,Initiative ChaCK e.V.,,scheduled,Initiative ChaCK – Mütter-Treff Coerde,https://initiative-chack.de/projekte/muetter-treff-coerde/,2026-09-10T18:06:55.864Z
2026-10-02_1000_tanzxchange_freie_tanzszene_munster_open_class_meerwiese_theater,TanzXchange – Freie Tanzszene Münster – OPEN CLASS,2026-10-02,10:00,2026-10-02,12:00,Begegnungszentrum und Theater in der Meerwiese,An der Meerwiese 25,Münster-Coerde,Stadt Münster Veranstaltungskalender,Theater / Kultur / Tanz / Kinderkultur,scheduled,Stadt Münster Veranstaltungskalender,https://www.stadt-muenster.de/veranstaltungskalender/-/detail/1025/15841/tanzxchange-freie-tanzszene-muenster-open-class,2026-09-10T18:06:55.864Z
2026-10-02_ganztag_gemeinsam_sichtbar_stark_madchen_aus_coerde_gsmc_wochentlich_iriba_brunnen_termine,Gemeinsam sichtbar & stark – Mädchen aus Coerde (GSMC) (wöchentlich),2026-10-02,16:30,2026-10-02,18:00,coerde mittendrin,"Königsberger Straße 8, 48157 Münster",Münster-Coerde,Iriba-Brunnen e.V.,Stadtteil / Begegnung / Engagement,scheduled,Iriba-Brunnen – Termine,https://www.iriba-brunnen.de/termine-archiv/gemeinsam-sichtbar-stark-maedchen-aus-coerde-gsmc/,2026-09-10T18:06:55.864Z
2026-10-02_1700_offener_spieletreff_2_4_montag_im_monat_awo_coerde_mittendrin,Offener Spieletreff (2. & 4. Montag im Monat),2026-10-02,17:00,2026-10-02,19:00,AWO Coerde mittendrin,"Königsberger Straße 8, 48157 Münster-Coerde",Münster-Coerde,AWO Coerde mittendrin,Stadtteil / Begegnung / Beratung,scheduled,AWO Coerde mittendrin,https://www.awo-msl-re.de/einrichtung/coerde-mittendrin?downloadFile=34b25336-4aca-11f1-bfc6-c7cf9d9a4485,2026-09-10T18:06:55.864Z
2026-10-02_1930_swing_latin_night_jazzcarraldo_aus_munster_meerwiese_theater,Swing & Latin – Night – JazZCarraldo aus Münster,2026-10-02,19:30,2026-10-02,21:30,Begegnungszentrum und Theater in der Meerwiese,An der Meerwiese 25,Münster-Coerde,Stadt Münster Veranstaltungskalender,Theater / Kultur / Tanz / Kinderkultur,scheduled,Stadt Münster Veranstaltungskalender,https://www.stadt-muenster.de/veranstaltungskalender/-/detail/2797/15449/swing-latin-night-jazzcarraldo-aus-muenster,2026-09-10T18:06:55.864Z
2026-10-03_0930_gemeinsames_fruhstuck_awo_coerde_mittendrin,Gemeinsames Frühstück,2026-10-03,09:30,2026-10-03,11:30,AWO Coerde mittendrin,"Königsberger Straße 8, 48157 Münster-Coerde",Münster-Coerde,AWO Coerde mittendrin,Stadtteil / Begegnung / Beratung,scheduled,AWO Coerde mittendrin,https://www.awo-msl-re.de/einrichtung/coerde-mittendrin?downloadFile=34b25336-4aca-11f1-bfc6-c7cf9d9a4485,2026-09-10T18:06:55.864Z
2026-10-03_1000_workshop_black_and_white_diesmal_bunt_ein_schwarzlichttheater_workshop_meerwiese_theater,Workshop: Black and White - diesmal bunt – ein Schwarzlichttheater-Workshop,2026-10-03,10:00,2026-10-03,16:00,Begegnungszentrum und Theater in der Meerwiese,An der Meerwiese 25,Münster-Coerde,Stadt Münster Veranstaltungskalender,Theater / Kultur / Tanz / Kinderkultur,scheduled,Stadt Münster Veranstaltungskalender,https://www.stadt-muenster.de/veranstaltungskalender/-/detail/2799/15451/workshop-black-and-white-diesmal-bunt-ein-schwarzlichttheater-workshop,2026-09-10T18:06:55.864Z
2026-10-03_2000_kunst_im_volk_einig_recht_frei_klos_sopran_di_martino_bariton_lehnert_flugel_meerwiese_theater,"Kunst im Volk - Einig? Recht? Frei? – Klos (Sopran), Di Martino (Bariton), Lehnert (Flügel)",2026-10-03,20:00,2026-10-03,21:00,Begegnungszentrum und Theater in der Meerwiese,An der Meerwiese 25,Münster-Coerde,Stadt Münster Veranstaltungskalender,Theater / Kultur / Tanz / Kinderkultur,scheduled,Stadt Münster Veranstaltungskalender,https://www.stadt-muenster.de/veranstaltungskalender/-/detail/2800/15452/kunst-im-volk-einig-recht-frei-klos-sopran-di-martino-bariton-lehnert-fluegel,2026-09-10T18:06:55.864Z
2026-10-04_1200_faszination_feuer_kochen_in_und_an_der_flamme_trifft_dutch_oven_kurs_eckels_kladde_events,Faszination Feuer - Kochen in und an der Flamme trifft Dutch Oven Kurs,2026-10-04,12:00,2026-10-04,18:00,Eckels Kladde,Coermühle 50f,Münster-Coerde,Eckels Kladde,Kultur / Musik / Stadtteil,scheduled,e.ssenz / Eckels Kladde – alle Kurse und Events,https://www.eckels-kladde.de/collections/alle-kurse-und-events-in-munster/products/feuerkochkurs-04-10-26,2026-09-10T18:06:55.864Z
2026-10-04_1200_waldbaden_fbf_friedensstrasse_coerde,Waldbaden,2026-10-04,12:00,2026-10-04,14:15,Treffpunkt Parkplatz an der Dyckburgkirche,"Dyckburger Str. 224, 48157 Münster",Münster-Coerde,FamilienBildung Friedensstraße,Bildung / Familie / Stadtteil,scheduled,FamilienBildung Friedensstraße,https://www.familienbildung-friedensstrasse.de/kurssuche/kurs/Waldbaden/2606-6302,2026-09-10T18:06:55.864Z
2026-10-05_0930_yoga_fur_senior_innen_fbf_friedensstrasse_coerde,Yoga für Senior:innen,2026-10-05,09:30,2026-10-05,10:30,Begegnungszentrum Meerwiese/Saal,"An der Meerwiese 25, 48157 Münster",Münster-Coerde,FamilienBildung Friedensstraße,Bildung / Familie / Stadtteil,scheduled,FamilienBildung Friedensstraße,https://www.familienbildung-friedensstrasse.de/kurssuche/kurs/Yoga-fuer-Seniorinnen/2606-6014,2026-09-10T18:06:55.864Z
2026-10-05_1000_eltern_kind_waldspielgruppe_laufalter_bis_6_j_dyckburger_wald_fbf_friedensstrasse_coerde,Eltern-Kind-Waldspielgruppe Laufalter bis 6 J. Dyckburger Wald,2026-10-05,10:00,2026-10-05,11:30,Treffpunkt Parkplatz an der Dyckburgkirche,"Dyckburger Str. 224, 48157 Münster",Münster-Coerde,FamilienBildung Friedensstraße,Bildung / Familie / Stadtteil,scheduled,FamilienBildung Friedensstraße,https://www.familienbildung-friedensstrasse.de/kurssuche/kurs/Eltern-Kind-Waldspielgruppe-Laufalter-bis-6-J-Dyckburger-Wald/2602-2622,2026-09-10T18:06:55.864Z
2026-10-05_1000_griffbereit_mehrsprachige_eltern_kind_gruppe_von_1_3_j_fbf_friedensstrasse_coerde,Griffbereit - mehrsprachige Eltern-Kind-Gruppe von 1-3 J.,2026-10-05,10:00,2026-10-05,11:30,Begegnungszentrum Meerwiese/Treff/Eingang Nord,"An der Meerwiese 25, 48157 Münster",Münster-Coerde,FamilienBildung Friedensstraße,Bildung / Familie / Stadtteil,scheduled,FamilienBildung Friedensstraße,https://www.familienbildung-friedensstrasse.de/kurssuche/kurs/Griffbereit-mehrsprachige-Eltern-Kind-Gruppe-von-1-3-J/2602-2932,2026-09-10T18:06:55.864Z
2026-10-05_1300_pilates_in_coerde_fbf_friedensstrasse_coerde,Pilates in Coerde,2026-10-05,13:00,2026-10-05,14:00,Begegnungszentrum Meerwiese/Saal,"An der Meerwiese 25, 48157 Münster",Münster-Coerde,FamilienBildung Friedensstraße,Bildung / Familie / Stadtteil,scheduled,FamilienBildung Friedensstraße,https://www.familienbildung-friedensstrasse.de/kurssuche/kurs/Pilates-in-Coerde/2606-6504,2026-09-10T18:06:55.864Z
2026-10-05_1430_offener_spieletreff_fur_senior_innen_doppelkopfrunde_alter_werden_in_coerde_awo_coerde_mittendrin,"Offener Spieletreff für Senior*innen / Doppelkopfrunde ""Älter werden in Coerde""",2026-10-05,14:30,2026-10-05,17:00,AWO Coerde mittendrin,"Königsberger Straße 8, 48157 Münster-Coerde",Münster-Coerde,AWO Coerde mittendrin,Stadtteil / Begegnung / Beratung,scheduled,AWO Coerde mittendrin,https://www.awo-msl-re.de/einrichtung/coerde-mittendrin?downloadFile=34b25336-4aca-11f1-bfc6-c7cf9d9a4485,2026-09-10T18:06:55.864Z
2026-10-05_1530_eltern_kind_waldspielgruppe_laufalter_bis_6_j_dyckburger_wald_fbf_friedensstrasse_coerde,Eltern-Kind-Waldspielgruppe Laufalter bis 6 J. Dyckburger Wald,2026-10-05,15:30,2026-10-05,17:00,Treffpunkt Parkplatz an der Dyckburgkirche,"Dyckburger Str. 224, 48157 Münster",Münster-Coerde,FamilienBildung Friedensstraße,Bildung / Familie / Stadtteil,scheduled,FamilienBildung Friedensstraße,https://www.familienbildung-friedensstrasse.de/kurssuche/kurs/Eltern-Kind-Waldspielgruppe-Laufalter-bis-6-J-Dyckburger-Wald/2602-2637,2026-09-10T18:06:55.864Z
2026-10-05_1730_pilates_in_coerde_fbf_friedensstrasse_coerde,Pilates in Coerde,2026-10-05,17:30,2026-10-05,18:30,Begegnungszentrum Meerwiese/Saal,"An der Meerwiese 25, 48157 Münster",Münster-Coerde,FamilienBildung Friedensstraße,Bildung / Familie / Stadtteil,scheduled,FamilienBildung Friedensstraße,https://www.familienbildung-friedensstrasse.de/kurssuche/kurs/Pilates-in-Coerde/2606-6512,2026-09-10T18:06:55.864Z
2026-10-05_1830_pilates_in_coerde_fbf_friedensstrasse_coerde,Pilates in Coerde,2026-10-05,18:30,2026-10-05,19:30,Begegnungszentrum Meerwiese/Saal,"An der Meerwiese 25, 48157 Münster",Münster-Coerde,FamilienBildung Friedensstraße,Bildung / Familie / Stadtteil,scheduled,FamilienBildung Friedensstraße,https://www.familienbildung-friedensstrasse.de/kurssuche/kurs/Pilates-in-Coerde/2606-6520,2026-09-10T18:06:55.864Z
2026-10-05_1945_gesellschaftstanze_fur_fortgeschrittene_anfanger_innen_fbf_friedensstrasse_coerde,Gesellschaftstänze für fortgeschrittene Anfänger:innen,2026-10-05,19:45,2026-10-05,21:15,Begegnungszentrum Meerwiese/Saal,"An der Meerwiese 25, 48157 Münster",Münster-Coerde,FamilienBildung Friedensstraße,Bildung / Familie / Stadtteil,scheduled,FamilienBildung Friedensstraße,https://www.familienbildung-friedensstrasse.de/kurssuche/kurs/Gesellschaftstaenze-fuer-fortgeschrittene-Anfaengerinnen/2606-6618,2026-09-10T18:06:55.864Z
2026-10-06_0915_deutsch_fur_migrantinnen_alltagsnah_deutsch_lernen_im_stadtteilburo_fbf_friedensstrasse_coerde,Deutsch für Migrantinnen - alltagsnah Deutsch lernen im Stadtteilbüro,2026-10-06,09:15,2026-10-06,12:00,Stadtteilbüro Coerde der AWO,"Nerzweg 9, 48157 Münster",Münster-Coerde,FamilienBildung Friedensstraße,Bildung / Familie / Stadtteil,scheduled,FamilienBildung Friedensstraße,https://www.familienbildung-friedensstrasse.de/kurssuche/kurs/Deutsch-fuer-Migrantinnen-alltagsnah-Deutsch-lernen-im-Stadtteilbuero/2604-4410,2026-09-10T18:06:55.864Z
2026-10-06_0930_sure_start_die_babyspielstunde_coerde_fbf_friedensstrasse_coerde,Sure Start - Die Babyspielstunde Coerde,2026-10-06,09:30,2026-10-06,12:30,Begegnungszentrum Meerwiese/Treff + Kreativ,,Münster-Coerde,FamilienBildung Friedensstraße,Bildung / Familie / Stadtteil,scheduled,FamilienBildung Friedensstraße,https://www.familienbildung-friedensstrasse.de/kurssuche/kurs/Sure-Start-Die-Babyspielstunde-Coerde/2602-2402,2026-09-10T18:06:55.864Z
2026-10-06_1100_kochprojekt_gemeinsam_am_herd_rezepte_ohne_grenzen_awo_coerde_mittendrin,Kochprojekt „Gemeinsam am Herd – Rezepte ohne Grenzen“,2026-10-06,11:00,2026-10-06,14:00,AWO Coerde mittendrin,"Königsberger Straße 8, 48157 Münster-Coerde",Münster-Coerde,AWO Coerde mittendrin,Stadtteil / Begegnung / Beratung,scheduled,AWO Coerde mittendrin,https://www.awo-msl-re.de/einrichtung/coerde-mittendrin?downloadFile=34b25336-4aca-11f1-bfc6-c7cf9d9a4485,2026-09-10T18:06:55.864Z
2026-10-06_1600_deutsch_fur_migrant_innen_alltagsnah_deutsch_lernen_im_coerde_mittendrin_fbf_friedensstrasse_coerde,Deutsch für Migrant:innen - alltagsnah Deutsch lernen im coerde mittendrin,2026-10-06,16:00,2026-10-06,18:00,coerde mittendrin,"Königsberger Str. 8, 48157 Münster",Münster-Coerde,FamilienBildung Friedensstraße,Bildung / Familie / Stadtteil,scheduled,FamilienBildung Friedensstraße,https://www.familienbildung-friedensstrasse.de/kurssuche/kurs/Deutsch-fuer-Migrantinnen-alltagsnah-Deutsch-lernen-im-coerde-mittendrin/2604-4418,2026-09-10T18:06:55.864Z
2026-10-06_1755_nia_fitness_mit_groove_fbf_friedensstrasse_coerde,Nia® – Fitness mit Groove,2026-10-06,17:55,2026-10-06,18:55,Begegnungszentrum Meerwiese/Saal,"An der Meerwiese 25, 48157 Münster",Münster-Coerde,FamilienBildung Friedensstraße,Bildung / Familie / Stadtteil,scheduled,FamilienBildung Friedensstraße,https://www.familienbildung-friedensstrasse.de/kurssuche/kurs/Nia-Fitness-mit-Groove/2606-6574,2026-09-10T18:06:55.864Z
2026-10-06_1900_malen_mit_aquarell_und_acrylfarben_fbf_friedensstrasse_coerde,Malen mit Aquarell- und Acrylfarben,2026-10-06,19:00,2026-10-06,21:15,Begegnungszentrum Meerwiese/Treff,,Münster-Coerde,FamilienBildung Friedensstraße,Bildung / Familie / Stadtteil,scheduled,FamilienBildung Friedensstraße,https://www.familienbildung-friedensstrasse.de/kurssuche/kurs/Malen-mit-Aquarell--und-Acrylfarben/2608-8033,2026-09-10T18:06:55.864Z
2026-10-06_1915_gesellschaftstanze_fur_paare_fur_fortgeschrittene_ii_fbf_friedensstrasse_coerde,Gesellschaftstänze für Paare – für Fortgeschrittene II,2026-10-06,19:15,2026-10-06,20:15,Begegnungszentrum Meerwiese/Saal,"An der Meerwiese 25, 48157 Münster",Münster-Coerde,FamilienBildung Friedensstraße,Bildung / Familie / Stadtteil,scheduled,FamilienBildung Friedensstraße,https://www.familienbildung-friedensstrasse.de/kurssuche/kurs/Gesellschaftstaenze-fuer-Paare-fuer-Fortgeschrittene-II/2606-6612,2026-09-10T18:06:55.864Z
2026-10-06_2015_gesellschaftstanze_fur_paare_fur_fortgeschrittene_i_fbf_friedensstrasse_coerde,Gesellschaftstänze für Paare – für Fortgeschrittene I,2026-10-06,20:15,2026-10-06,21:15,Begegnungszentrum Meerwiese/Saal,"An der Meerwiese 25, 48157 Münster",Münster-Coerde,FamilienBildung Friedensstraße,Bildung / Familie / Stadtteil,scheduled,FamilienBildung Friedensstraße,https://www.familienbildung-friedensstrasse.de/kurssuche/kurs/Gesellschaftstaenze-fuer-Paare-fuer-Fortgeschrittene-I/2606-6606,2026-09-10T18:06:55.864Z
2026-10-07_ganztag_wochentliche_offene_beratungszeit_empowerment_rassismuskritik_nachhaltigkeit_koo_iriba_brunnen_termine,Wöchentliche offene Beratungszeit – Empowerment / Rassismuskritik / Nachhaltigkeit & Kooperationen (wöchentlich),2026-10-07,,2026-10-07,,coerde mittendrin,"Königsberger Straße 8, 48157 Münster",Münster-Coerde,Iriba-Brunnen e.V.,Stadtteil / Begegnung / Engagement,scheduled,Iriba-Brunnen – Termine,https://www.iriba-brunnen.de/termine-archiv/woechentliche-offene-beratungszeit-empowerment-rassismuskritik-nachhaltigkeit-kooperationen/,2026-09-10T18:06:55.864Z
2026-10-07_0900_migrationsberatung_mbe_in_munster_coerde_drk_munster_migrationsberatung_mbe,Migrationsberatung (MBE) in Münster-Coerde,2026-10-07,09:00,2026-10-07,15:00,DRK Münster – Migrationsberatung,"Hamannplatz 26/28, 48157 Münster-Coerde",Münster-Coerde,Deutsches Rotes Kreuz Münster,,scheduled,DRK Münster – Migrationsberatung (MBE),https://www.drk-muenster.de/angebot/migrationsberatung.html,2026-09-10T18:06:55.864Z
2026-10-07_0930_qi_gong_energie_fur_den_tag_fbf_friedensstrasse_coerde,Qi Gong - Energie für den Tag,2026-10-07,09:30,2026-10-07,11:00,Begegnungszentrum Meerwiese/Saal,"An der Meerwiese 25, 48157 Münster",Münster-Coerde,FamilienBildung Friedensstraße,Bildung / Familie / Stadtteil,scheduled,FamilienBildung Friedensstraße,https://www.familienbildung-friedensstrasse.de/kurssuche/kurs/Qi-Gong-Energie-fuer-den-Tag/2606-6258,2026-09-10T18:06:55.864Z
2026-10-07_1000_fruhstuckstreff_mit_anmeldung_unter_tel_01520_9123615_awo_coerde_mittendrin,Frühstückstreff (mit Anmeldung unter Tel.: 01520 9123615),2026-10-07,10:00,2026-10-07,12:00,AWO Coerde mittendrin,"Königsberger Straße 8, 48157 Münster-Coerde",Münster-Coerde,AWO Coerde mittendrin,Stadtteil / Begegnung / Beratung,scheduled,AWO Coerde mittendrin,https://www.awo-msl-re.de/einrichtung/coerde-mittendrin?downloadFile=34b25336-4aca-11f1-bfc6-c7cf9d9a4485,2026-09-10T18:06:55.864Z
2026-10-07_1400_sure_start_plus_die_familienspielstunde_coerde_fbf_friedensstrasse_coerde,Sure Start Plus - Die Familienspielstunde Coerde,2026-10-07,14:00,2026-10-07,17:00,Kita Wertvoll,"Kiesekampweg 8, Münster",Münster-Coerde,FamilienBildung Friedensstraße,Bildung / Familie / Stadtteil,scheduled,FamilienBildung Friedensstraße,https://www.familienbildung-friedensstrasse.de/kurssuche/kurs/Sure-Start-Plus-Die-Familienspielstunde-Coerde/2602-2912,2026-09-10T18:06:55.864Z
2026-10-07_1430_lernspielgruppe_fur_eltern_und_kinder_in_der_kitazeit_fbf_friedensstrasse_coerde,Lernspielgruppe für Eltern und Kinder in der Kitazeit,2026-10-07,14:30,2026-10-07,17:30,Begegnungszentrum Meerwiese/Kreativ,,Münster-Coerde,FamilienBildung Friedensstraße,Bildung / Familie / Stadtteil,scheduled,FamilienBildung Friedensstraße,https://www.familienbildung-friedensstrasse.de/kurssuche/kurs/Lernspielgruppe-fuer-Eltern-und-Kinder-in-der-Kitazeit/2602-2922,2026-09-10T18:06:55.864Z
2026-10-07_1545_eltern_kind_waldspielgruppe_laufalter_bis_6_j_dyckburger_wald_fbf_friedensstrasse_coerde,Eltern-Kind-Waldspielgruppe Laufalter bis 6 J. Dyckburger Wald,2026-10-07,15:45,2026-10-07,17:15,Treffpunkt Parkplatz an der Dyckburgkirche,"Dyckburger Str. 224, 48157 Münster",Münster-Coerde,FamilienBildung Friedensstraße,Bildung / Familie / Stadtteil,scheduled,FamilienBildung Friedensstraße,https://www.familienbildung-friedensstrasse.de/kurssuche/kurs/Eltern-Kind-Waldspielgruppe-Laufalter-bis-6-J-Dyckburger-Wald/2602-2632,2026-09-10T18:06:55.864Z
2026-10-07_ganztag_heimat_remixed_musik_der_kulturen_wochentlich_iriba_brunnen_termine,Heimat remixed – Musik der Kulturen (wöchentlich),2026-10-07,18:00,2026-10-07,20:30,Franziskushaus in Coerde,"Schneidemühlerstr. 23, 48157 Münster",Münster-Coerde,Iriba-Brunnen e.V.,Stadtteil / Begegnung / Engagement,scheduled,Iriba-Brunnen – Termine,https://www.iriba-brunnen.de/termine-archiv/https-www-iriba-brunnen-de-termine-archiv-heimat-remixed-musik-der-kulturen/,2026-09-10T18:06:55.864Z
2026-10-07_1830_yoga_an_der_meerwiese_fbf_friedensstrasse_coerde,Yoga An der Meerwiese,2026-10-07,18:30,2026-10-07,20:00,DRK Kita Meerwiese,"An der Meerwiese 11, 48157 Münster",Münster-Coerde,FamilienBildung Friedensstraße,Bildung / Familie / Stadtteil,scheduled,FamilienBildung Friedensstraße,https://www.familienbildung-friedensstrasse.de/kurssuche/kurs/Yoga-An-der-Meerwiese/2606-6056,2026-09-10T18:06:55.864Z
2026-10-07_1900_bauchtanz_fur_frauen_fbf_friedensstrasse_coerde,Bauchtanz für Frauen,2026-10-07,19:00,2026-10-07,21:00,Begegnungszentrum Meerwiese/Saal,"An der Meerwiese 25, 48157 Münster",Münster-Coerde,FamilienBildung Friedensstraße,Bildung / Familie / Stadtteil,scheduled,FamilienBildung Friedensstraße,https://www.familienbildung-friedensstrasse.de/kurssuche/kurs/Bauchtanz-fuer-Frauen/2606-6628,2026-09-10T18:06:55.864Z
2026-10-07_1900_reden_wir_uber_coerde_miteinander_reden_lokaljournalismus_im_stadtteil_2_meerwiese_begegnungszentrum,Reden wir über Coerde! – „Miteinander reden: Lokaljournalismus im Stadtteil“ (#2),2026-10-07,19:00,2026-10-07,,Begegnungszentrum Meerwiese,An der Meerwiese 25,Münster-Coerde,Begegnungszentrum Meerwiese,Stadtteil / Begegnung / Kultur,scheduled,Stadt Münster Veranstaltungskalender,https://www.stadt-muenster.de/veranstaltungskalender/-/detail/3685/22013/reden-wir-ueber-coerde-miteinander-reden-lokaljournalismus-im-stadtteil-2,2026-09-10T18:06:55.864Z
2026-10-08_0930_sure_start_die_babyspielstunde_coerde_fbf_friedensstrasse_coerde,Sure Start - Die Babyspielstunde Coerde,2026-10-08,09:30,2026-10-08,12:30,Begegnungszentrum Meerwiese,"An der Meerwiese 25, 48157 Münster",Münster-Coerde,FamilienBildung Friedensstraße,Bildung / Familie / Stadtteil,scheduled,FamilienBildung Friedensstraße,https://www.familienbildung-friedensstrasse.de/kurssuche/kurs/Sure-Start-Die-Babyspielstunde-Coerde/2602-2422,2026-09-10T18:06:55.864Z
2026-10-08_1100_offene_sprechstunde_coerde_mittendrin_awo_coerde_mittendrin,Offene Sprechstunde „coerde mittendrin“,2026-10-08,11:00,2026-10-08,13:00,AWO Coerde mittendrin,"Königsberger Straße 8, 48157 Münster-Coerde",Münster-Coerde,AWO Coerde mittendrin,Stadtteil / Begegnung / Beratung,scheduled,AWO Coerde mittendrin,https://www.awo-msl-re.de/einrichtung/coerde-mittendrin?downloadFile=34b25336-4aca-11f1-bfc6-c7cf9d9a4485,2026-09-10T18:06:55.864Z
2026-10-08_1430_komm_wir_sprechen_deutsch_fbf_friedensstrasse_coerde,"Komm, wir sprechen deutsch!",2026-10-08,14:30,2026-10-08,16:00,coerde mittendrin,"Königsberger Str. 8, 48157 Münster",Münster-Coerde,FamilienBildung Friedensstraße,Bildung / Familie / Stadtteil,scheduled,FamilienBildung Friedensstraße,https://www.familienbildung-friedensstrasse.de/kurssuche/kurs/Komm-wir-sprechen-deutsch/2604-4402,2026-09-10T18:06:55.864Z
2026-10-08_1430_praktische_ernahrungsbildung_fur_eltern_mit_ihren_kindern_ab_3_jahren_fbf_friedensstrasse_coerde,Praktische Ernährungsbildung für Eltern mit ihren Kindern ab 3 Jahren,2026-10-08,14:30,2026-10-08,16:45,Kita Wertvoll,"Kiesekampweg 8, Münster",Münster-Coerde,FamilienBildung Friedensstraße,Bildung / Familie / Stadtteil,scheduled,FamilienBildung Friedensstraße,https://www.familienbildung-friedensstrasse.de/kurssuche/kurs/Praktische-Ernaehrungsbildung-fuer-Eltern-mit-ihren-Kindern-ab-3-Jahren/2602-2938,2026-09-10T18:06:55.864Z
2026-10-08_1600_turnen_und_toben_fur_gross_eltern_und_kinder_1_3_j_an_der_meerwiese_fbf_friedensstrasse_coerde,Turnen und Toben für (Groß-)Eltern und Kinder 1-3 J. An der Meerwiese,2026-10-08,16:00,2026-10-08,17:00,DRK Kita Meerwiese,"An der Meerwiese 11, 48157 Münster",Münster-Coerde,FamilienBildung Friedensstraße,Bildung / Familie / Stadtteil,scheduled,FamilienBildung Friedensstraße,https://www.familienbildung-friedensstrasse.de/kurssuche/kurs/Turnen-und-Toben-fuer-Gross-Eltern-und-Kinder-1-3-J-An-der-Meerwiese/2602-2752,2026-09-10T18:06:55.864Z
2026-10-08_1945_zumba_workout_fitness_fbf_friedensstrasse_coerde,Zumba® Workout Fitness,2026-10-08,19:45,2026-10-08,20:45,Begegnungszentrum Meerwiese/Saal,"An der Meerwiese 25, 48157 Münster",Münster-Coerde,FamilienBildung Friedensstraße,Bildung / Familie / Stadtteil,scheduled,FamilienBildung Friedensstraße,https://www.familienbildung-friedensstrasse.de/kurssuche/kurs/Zumba-Workout-Fitness/2606-6568,2026-09-10T18:06:55.864Z
2026-10-09_ganztag_glow_up_after_work_party_st_franziskus_startseite,Glow-Up After Work Party,2026-10-09,,2026-10-09,,Franziskushaus Coerde,"Schneidemühler Str. 23, 48157 Münster-Coerde",Münster-Coerde,Katholische Kirchengemeinde St. Franziskus,Kirche / Gottesdienst / Begegnung,scheduled,After Work Party Coerde – Startseite,https://awp-coerde.de/,2026-09-10T18:06:55.864Z
2026-10-09_0915_deutsch_fur_migrantinnen_alltagsnah_deutsch_lernen_an_der_meerwiese_fbf_friedensstrasse_coerde,Deutsch für Migrantinnen - alltagsnah Deutsch lernen an der Meerwiese,2026-10-09,09:15,2026-10-09,12:00,Begegnungszentrum Meerwiese/Treff + Kreativ,,Münster-Coerde,FamilienBildung Friedensstraße,Bildung / Familie / Stadtteil,scheduled,FamilienBildung Friedensstraße,https://www.familienbildung-friedensstrasse.de/kurssuche/kurs/Deutsch-fuer-Migrantinnen-alltagsnah-Deutsch-lernen-an-der-Meerwiese/2604-4414,2026-09-10T18:06:55.864Z
2026-10-09_1130_ich_bin_mehr_als_mein_feed_workshop_fur_madchen_zu_social_media_essen_korpergefu_iriba_brunnen_termine,"„Ich bin mehr als mein Feed“ – Workshop für Mädchen zu Social Media, Essen & Körpergefühl",2026-10-09,11:30,2026-10-09,17:30,Stadtteilbüro Coerde,"Nerzweg 9, 48167 Münster",48167 Münster,Iriba-Brunnen e.V.,Stadtteil / Begegnung / Engagement,scheduled,Iriba-Brunnen – Termine,https://www.iriba-brunnen.de/termine-archiv/ich-bin-mehr-als-mein-feed-workshop-fuer-maedchen-zu-social-media-essen-koerpergefuehl/,2026-09-10T18:06:55.864Z
2026-10-09_1800_stadtteilkonzert_sinfonieorchester_munster_theater_munster_meerwiese_theater,Stadtteilkonzert: Sinfonieorchester Münster – Theater Münster,2026-10-09,18:00,2026-10-09,19:00,Begegnungszentrum und Theater in der Meerwiese,An der Meerwiese 25,Münster-Coerde,Stadt Münster Veranstaltungskalender,Theater / Kultur / Tanz / Kinderkultur,scheduled,Stadt Münster Veranstaltungskalender,https://www.stadt-muenster.de/veranstaltungskalender/-/detail/2801/15453/stadtteilkonzert-sinfonieorchester-muenster-theater-muenster,2026-09-10T18:06:55.864Z
2026-10-10_1000_tagung_fruhkindliche_bildung_und_chancengleichheit_initiative_chack_fachtagung,Tagung: Frühkindliche Bildung und Chancengleichheit,2026-10-10,10:00,2026-10-10,15:30,"Hörsaal F1, Fürstenberghaus","Domplatz 20-22, Münster-Coerde",Münster-Coerde,Initiative ChaCK e.V.,,scheduled,Initiative ChaCK – Fachtagung,https://initiative-chack.de/projekte/fachtagung/,2026-09-10T18:06:55.864Z
2026-10-11_1530_spielarten_2026_der_gerauschehandler_toboso_aus_essen_meerwiese_theater,SPIELARTEN 2026: Der Geräuschehändler – TOBOSO aus Essen,2026-10-11,15:30,2026-10-11,16:10,Begegnungszentrum und Theater in der Meerwiese,An der Meerwiese 25,Münster-Coerde,Stadt Münster Veranstaltungskalender,Theater / Kultur / Tanz / Kinderkultur,scheduled,Stadt Münster Veranstaltungskalender,https://www.stadt-muenster.de/veranstaltungskalender/-/detail/2802/15454/spielarten-2026-der-geraeuschehaendler-toboso-aus-essen,2026-09-10T18:06:55.864Z
2026-10-11_1700_spielarten_2026_silent_calling_theater_marabu_aus_bonn_meerwiese_theater,SPIELARTEN 2026: Silent Calling – Theater Marabu aus Bonn,2026-10-11,17:00,2026-10-11,18:00,Begegnungszentrum und Theater in der Meerwiese,An der Meerwiese 25,Münster-Coerde,Stadt Münster Veranstaltungskalender,Theater / Kultur / Tanz / Kinderkultur,scheduled,Stadt Münster Veranstaltungskalender,https://www.stadt-muenster.de/veranstaltungskalender/-/detail/2803/15455/spielarten-2026-silent-calling-theater-marabu-aus-bonn,2026-09-10T18:06:55.864Z
2026-10-12_0930_yoga_fur_senior_innen_fbf_friedensstrasse_coerde,Yoga für Senior:innen,2026-10-12,09:30,2026-10-12,10:30,Begegnungszentrum Meerwiese/Saal,"An der Meerwiese 25, 48157 Münster",Münster-Coerde,FamilienBildung Friedensstraße,Bildung / Familie / Stadtteil,scheduled,FamilienBildung Friedensstraße,https://www.familienbildung-friedensstrasse.de/kurssuche/kurs/Yoga-fuer-Seniorinnen/2606-6014,2026-09-10T18:06:55.864Z
2026-10-12_1000_eltern_kind_waldspielgruppe_laufalter_bis_6_j_dyckburger_wald_fbf_friedensstrasse_coerde,Eltern-Kind-Waldspielgruppe Laufalter bis 6 J. Dyckburger Wald,2026-10-12,10:00,2026-10-12,11:30,Treffpunkt Parkplatz an der Dyckburgkirche,"Dyckburger Str. 224, 48157 Münster",Münster-Coerde,FamilienBildung Friedensstraße,Bildung / Familie / Stadtteil,scheduled,FamilienBildung Friedensstraße,https://www.familienbildung-friedensstrasse.de/kurssuche/kurs/Eltern-Kind-Waldspielgruppe-Laufalter-bis-6-J-Dyckburger-Wald/2602-2622,2026-09-10T18:06:55.864Z
2026-10-12_1000_griffbereit_mehrsprachige_eltern_kind_gruppe_von_1_3_j_fbf_friedensstrasse_coerde,Griffbereit - mehrsprachige Eltern-Kind-Gruppe von 1-3 J.,2026-10-12,10:00,2026-10-12,11:30,Begegnungszentrum Meerwiese/Treff/Eingang Nord,"An der Meerwiese 25, 48157 Münster",Münster-Coerde,FamilienBildung Friedensstraße,Bildung / Familie / Stadtteil,scheduled,FamilienBildung Friedensstraße,https://www.familienbildung-friedensstrasse.de/kurssuche/kurs/Griffbereit-mehrsprachige-Eltern-Kind-Gruppe-von-1-3-J/2602-2932,2026-09-10T18:06:55.864Z
2026-10-12_1300_pilates_in_coerde_fbf_friedensstrasse_coerde,Pilates in Coerde,2026-10-12,13:00,2026-10-12,14:00,Begegnungszentrum Meerwiese/Saal,"An der Meerwiese 25, 48157 Münster",Münster-Coerde,FamilienBildung Friedensstraße,Bildung / Familie / Stadtteil,scheduled,FamilienBildung Friedensstraße,https://www.familienbildung-friedensstrasse.de/kurssuche/kurs/Pilates-in-Coerde/2606-6504,2026-09-10T18:06:55.864Z
2026-10-12_1530_eltern_kind_waldspielgruppe_laufalter_bis_6_j_dyckburger_wald_fbf_friedensstrasse_coerde,Eltern-Kind-Waldspielgruppe Laufalter bis 6 J. Dyckburger Wald,2026-10-12,15:30,2026-10-12,17:00,Treffpunkt Parkplatz an der Dyckburgkirche,"Dyckburger Str. 224, 48157 Münster",Münster-Coerde,FamilienBildung Friedensstraße,Bildung / Familie / Stadtteil,scheduled,FamilienBildung Friedensstraße,https://www.familienbildung-friedensstrasse.de/kurssuche/kurs/Eltern-Kind-Waldspielgruppe-Laufalter-bis-6-J-Dyckburger-Wald/2602-2637,2026-09-10T18:06:55.864Z
2026-10-12_1730_pilates_in_coerde_fbf_friedensstrasse_coerde,Pilates in Coerde,2026-10-12,17:30,2026-10-12,18:30,Begegnungszentrum Meerwiese/Saal,"An der Meerwiese 25, 48157 Münster",Münster-Coerde,FamilienBildung Friedensstraße,Bildung / Familie / Stadtteil,scheduled,FamilienBildung Friedensstraße,https://www.familienbildung-friedensstrasse.de/kurssuche/kurs/Pilates-in-Coerde/2606-6512,2026-09-10T18:06:55.864Z
2026-10-12_1830_pilates_in_coerde_fbf_friedensstrasse_coerde,Pilates in Coerde,2026-10-12,18:30,2026-10-12,19:30,Begegnungszentrum Meerwiese/Saal,"An der Meerwiese 25, 48157 Münster",Münster-Coerde,FamilienBildung Friedensstraße,Bildung / Familie / Stadtteil,scheduled,FamilienBildung Friedensstraße,https://www.familienbildung-friedensstrasse.de/kurssuche/kurs/Pilates-in-Coerde/2606-6520,2026-09-10T18:06:55.864Z
2026-10-12_1945_gesellschaftstanze_fur_fortgeschrittene_anfanger_innen_fbf_friedensstrasse_coerde,Gesellschaftstänze für fortgeschrittene Anfänger:innen,2026-10-12,19:45,2026-10-12,21:15,Begegnungszentrum Meerwiese/Saal,"An der Meerwiese 25, 48157 Münster",Münster-Coerde,FamilienBildung Friedensstraße,Bildung / Familie / Stadtteil,scheduled,FamilienBildung Friedensstraße,https://www.familienbildung-friedensstrasse.de/kurssuche/kurs/Gesellschaftstaenze-fuer-fortgeschrittene-Anfaengerinnen/2606-6618,2026-09-10T18:06:55.864Z
2026-10-13_0915_deutsch_fur_migrantinnen_alltagsnah_deutsch_lernen_im_stadtteilburo_fbf_friedensstrasse_coerde,Deutsch für Migrantinnen - alltagsnah Deutsch lernen im Stadtteilbüro,2026-10-13,09:15,2026-10-13,12:00,Stadtteilbüro Coerde der AWO,"Nerzweg 9, 48157 Münster",Münster-Coerde,FamilienBildung Friedensstraße,Bildung / Familie / Stadtteil,scheduled,FamilienBildung Friedensstraße,https://www.familienbildung-friedensstrasse.de/kurssuche/kurs/Deutsch-fuer-Migrantinnen-alltagsnah-Deutsch-lernen-im-Stadtteilbuero/2604-4410,2026-09-10T18:06:55.864Z
2026-10-13_0930_sure_start_die_babyspielstunde_coerde_fbf_friedensstrasse_coerde,Sure Start - Die Babyspielstunde Coerde,2026-10-13,09:30,2026-10-13,12:30,Begegnungszentrum Meerwiese/Treff + Kreativ,,Münster-Coerde,FamilienBildung Friedensstraße,Bildung / Familie / Stadtteil,scheduled,FamilienBildung Friedensstraße,https://www.familienbildung-friedensstrasse.de/kurssuche/kurs/Sure-Start-Die-Babyspielstunde-Coerde/2602-2402,2026-09-10T18:06:55.864Z
2026-10-13_1000_spielarten_2026_into_it_performing_group_marie_lena_kaiser_aus_koln_meerwiese_theater,SPIELARTEN 2026: INTO IT – performing:group & Marie-Lena Kaiser aus Köln,2026-10-13,10:00,2026-10-13,10:45,Begegnungszentrum und Theater in der Meerwiese,An der Meerwiese 25,Münster-Coerde,Stadt Münster Veranstaltungskalender,Theater / Kultur / Tanz / Kinderkultur,scheduled,Stadt Münster Veranstaltungskalender,https://www.stadt-muenster.de/veranstaltungskalender/-/detail/2804/15456/spielarten-2026-into-it-performing-group-marie-lena-kaiser-aus-koeln,2026-09-10T18:06:55.864Z
2026-10-13_1600_deutsch_fur_migrant_innen_alltagsnah_deutsch_lernen_im_coerde_mittendrin_fbf_friedensstrasse_coerde,Deutsch für Migrant:innen - alltagsnah Deutsch lernen im coerde mittendrin,2026-10-13,16:00,2026-10-13,18:00,coerde mittendrin,"Königsberger Str. 8, 48157 Münster",Münster-Coerde,FamilienBildung Friedensstraße,Bildung / Familie / Stadtteil,scheduled,FamilienBildung Friedensstraße,https://www.familienbildung-friedensstrasse.de/kurssuche/kurs/Deutsch-fuer-Migrantinnen-alltagsnah-Deutsch-lernen-im-coerde-mittendrin/2604-4418,2026-09-10T18:06:55.864Z
2026-10-13_1755_nia_fitness_mit_groove_fbf_friedensstrasse_coerde,Nia® – Fitness mit Groove,2026-10-13,17:55,2026-10-13,18:55,Begegnungszentrum Meerwiese/Saal,"An der Meerwiese 25, 48157 Münster",Münster-Coerde,FamilienBildung Friedensstraße,Bildung / Familie / Stadtteil,scheduled,FamilienBildung Friedensstraße,https://www.familienbildung-friedensstrasse.de/kurssuche/kurs/Nia-Fitness-mit-Groove/2606-6574,2026-09-10T18:06:55.864Z
2026-10-13_1900_malen_mit_aquarell_und_acrylfarben_fbf_friedensstrasse_coerde,Malen mit Aquarell- und Acrylfarben,2026-10-13,19:00,2026-10-13,21:15,Begegnungszentrum Meerwiese/Treff,,Münster-Coerde,FamilienBildung Friedensstraße,Bildung / Familie / Stadtteil,scheduled,FamilienBildung Friedensstraße,https://www.familienbildung-friedensstrasse.de/kurssuche/kurs/Malen-mit-Aquarell--und-Acrylfarben/2608-8033,2026-09-10T18:06:55.864Z
2026-10-13_1915_gesellschaftstanze_fur_paare_fur_fortgeschrittene_ii_fbf_friedensstrasse_coerde,Gesellschaftstänze für Paare – für Fortgeschrittene II,2026-10-13,19:15,2026-10-13,20:15,Begegnungszentrum Meerwiese/Saal,"An der Meerwiese 25, 48157 Münster",Münster-Coerde,FamilienBildung Friedensstraße,Bildung / Familie / Stadtteil,scheduled,FamilienBildung Friedensstraße,https://www.familienbildung-friedensstrasse.de/kurssuche/kurs/Gesellschaftstaenze-fuer-Paare-fuer-Fortgeschrittene-II/2606-6612,2026-09-10T18:06:55.864Z
2026-10-13_2015_gesellschaftstanze_fur_paare_fur_fortgeschrittene_i_fbf_friedensstrasse_coerde,Gesellschaftstänze für Paare – für Fortgeschrittene I,2026-10-13,20:15,2026-10-13,21:15,Begegnungszentrum Meerwiese/Saal,"An der Meerwiese 25, 48157 Münster",Münster-Coerde,FamilienBildung Friedensstraße,Bildung / Familie / Stadtteil,scheduled,FamilienBildung Friedensstraße,https://www.familienbildung-friedensstrasse.de/kurssuche/kurs/Gesellschaftstaenze-fuer-Paare-fuer-Fortgeschrittene-I/2606-6606,2026-09-10T18:06:55.864Z
2026-10-14_0930_qi_gong_energie_fur_den_tag_fbf_friedensstrasse_coerde,Qi Gong - Energie für den Tag,2026-10-14,09:30,2026-10-14,11:00,Begegnungszentrum Meerwiese/Saal,"An der Meerwiese 25, 48157 Münster",Münster-Coerde,FamilienBildung Friedensstraße,Bildung / Familie / Stadtteil,scheduled,FamilienBildung Friedensstraße,https://www.familienbildung-friedensstrasse.de/kurssuche/kurs/Qi-Gong-Energie-fuer-den-Tag/2606-6258,2026-09-10T18:06:55.864Z
2026-10-14_1400_sure_start_plus_die_familienspielstunde_coerde_fbf_friedensstrasse_coerde,Sure Start Plus - Die Familienspielstunde Coerde,2026-10-14,14:00,2026-10-14,17:00,Kita Wertvoll,"Kiesekampweg 8, Münster",Münster-Coerde,FamilienBildung Friedensstraße,Bildung / Familie / Stadtteil,scheduled,FamilienBildung Friedensstraße,https://www.familienbildung-friedensstrasse.de/kurssuche/kurs/Sure-Start-Plus-Die-Familienspielstunde-Coerde/2602-2912,2026-09-10T18:06:55.864Z
2026-10-14_1430_lernspielgruppe_fur_eltern_und_kinder_in_der_kitazeit_fbf_friedensstrasse_coerde,Lernspielgruppe für Eltern und Kinder in der Kitazeit,2026-10-14,14:30,2026-10-14,17:30,Begegnungszentrum Meerwiese/Kreativ,,Münster-Coerde,FamilienBildung Friedensstraße,Bildung / Familie / Stadtteil,scheduled,FamilienBildung Friedensstraße,https://www.familienbildung-friedensstrasse.de/kurssuche/kurs/Lernspielgruppe-fuer-Eltern-und-Kinder-in-der-Kitazeit/2602-2922,2026-09-10T18:06:55.864Z
2026-10-14_1545_eltern_kind_waldspielgruppe_laufalter_bis_6_j_dyckburger_wald_fbf_friedensstrasse_coerde,Eltern-Kind-Waldspielgruppe Laufalter bis 6 J. Dyckburger Wald,2026-10-14,15:45,2026-10-14,17:15,Treffpunkt Parkplatz an der Dyckburgkirche,"Dyckburger Str. 224, 48157 Münster",Münster-Coerde,FamilienBildung Friedensstraße,Bildung / Familie / Stadtteil,scheduled,FamilienBildung Friedensstraße,https://www.familienbildung-friedensstrasse.de/kurssuche/kurs/Eltern-Kind-Waldspielgruppe-Laufalter-bis-6-J-Dyckburger-Wald/2602-2632,2026-09-10T18:06:55.864Z
2026-10-14_1830_yoga_an_der_meerwiese_fbf_friedensstrasse_coerde,Yoga An der Meerwiese,2026-10-14,18:30,2026-10-14,20:00,DRK Kita Meerwiese,"An der Meerwiese 11, 48157 Münster",Münster-Coerde,FamilienBildung Friedensstraße,Bildung / Familie / Stadtteil,scheduled,FamilienBildung Friedensstraße,https://www.familienbildung-friedensstrasse.de/kurssuche/kurs/Yoga-An-der-Meerwiese/2606-6056,2026-09-10T18:06:55.864Z
2026-10-15_0930_sure_start_die_babyspielstunde_coerde_fbf_friedensstrasse_coerde,Sure Start - Die Babyspielstunde Coerde,2026-10-15,09:30,2026-10-15,12:30,Begegnungszentrum Meerwiese,"An der Meerwiese 25, 48157 Münster",Münster-Coerde,FamilienBildung Friedensstraße,Bildung / Familie / Stadtteil,scheduled,FamilienBildung Friedensstraße,https://www.familienbildung-friedensstrasse.de/kurssuche/kurs/Sure-Start-Die-Babyspielstunde-Coerde/2602-2422,2026-09-10T18:06:55.864Z
2026-10-15_1000_spielarten_2026_der_riss_pulk_fiktion_aus_koln_meerwiese_theater,SPIELARTEN 2026: Der Riss – pulk fiktion aus Köln,2026-10-15,10:00,2026-10-15,11:00,Begegnungszentrum und Theater in der Meerwiese,An der Meerwiese 25,Münster-Coerde,Stadt Münster Veranstaltungskalender,Theater / Kultur / Tanz / Kinderkultur,scheduled,Stadt Münster Veranstaltungskalender,https://www.stadt-muenster.de/veranstaltungskalender/-/detail/2805/15457/spielarten-2026-der-riss-pulk-fiktion-aus-koeln,2026-09-10T18:06:55.864Z
2026-10-15_1430_komm_wir_sprechen_deutsch_fbf_friedensstrasse_coerde,"Komm, wir sprechen deutsch!",2026-10-15,14:30,2026-10-15,16:00,coerde mittendrin,"Königsberger Str. 8, 48157 Münster",Münster-Coerde,FamilienBildung Friedensstraße,Bildung / Familie / Stadtteil,scheduled,FamilienBildung Friedensstraße,https://www.familienbildung-friedensstrasse.de/kurssuche/kurs/Komm-wir-sprechen-deutsch/2604-4402,2026-09-10T18:06:55.864Z
2026-10-15_1430_praktische_ernahrungsbildung_fur_eltern_mit_ihren_kindern_ab_3_jahren_fbf_friedensstrasse_coerde,Praktische Ernährungsbildung für Eltern mit ihren Kindern ab 3 Jahren,2026-10-15,14:30,2026-10-15,16:45,Kita Wertvoll,"Kiesekampweg 8, Münster",Münster-Coerde,FamilienBildung Friedensstraße,Bildung / Familie / Stadtteil,scheduled,FamilienBildung Friedensstraße,https://www.familienbildung-friedensstrasse.de/kurssuche/kurs/Praktische-Ernaehrungsbildung-fuer-Eltern-mit-ihren-Kindern-ab-3-Jahren/2602-2938,2026-09-10T18:06:55.864Z
2026-10-15_1600_turnen_und_toben_fur_gross_eltern_und_kinder_1_3_j_an_der_meerwiese_fbf_friedensstrasse_coerde,Turnen und Toben für (Groß-)Eltern und Kinder 1-3 J. An der Meerwiese,2026-10-15,16:00,2026-10-15,17:00,DRK Kita Meerwiese,"An der Meerwiese 11, 48157 Münster",Münster-Coerde,FamilienBildung Friedensstraße,Bildung / Familie / Stadtteil,scheduled,FamilienBildung Friedensstraße,https://www.familienbildung-friedensstrasse.de/kurssuche/kurs/Turnen-und-Toben-fuer-Gross-Eltern-und-Kinder-1-3-J-An-der-Meerwiese/2602-2752,2026-09-10T18:06:55.864Z
2026-10-15_1945_zumba_workout_fitness_fbf_friedensstrasse_coerde,Zumba® Workout Fitness,2026-10-15,19:45,2026-10-15,20:45,Begegnungszentrum Meerwiese/Saal,"An der Meerwiese 25, 48157 Münster",Münster-Coerde,FamilienBildung Friedensstraße,Bildung / Familie / Stadtteil,scheduled,FamilienBildung Friedensstraße,https://www.familienbildung-friedensstrasse.de/kurssuche/kurs/Zumba-Workout-Fitness/2606-6568,2026-09-10T18:06:55.864Z
2026-10-16_0915_deutsch_fur_migrantinnen_alltagsnah_deutsch_lernen_an_der_meerwiese_fbf_friedensstrasse_coerde,Deutsch für Migrantinnen - alltagsnah Deutsch lernen an der Meerwiese,2026-10-16,09:15,2026-10-16,12:00,Begegnungszentrum Meerwiese/Treff + Kreativ,,Münster-Coerde,FamilienBildung Friedensstraße,Bildung / Familie / Stadtteil,scheduled,FamilienBildung Friedensstraße,https://www.familienbildung-friedensstrasse.de/kurssuche/kurs/Deutsch-fuer-Migrantinnen-alltagsnah-Deutsch-lernen-an-der-Meerwiese/2604-4414,2026-09-10T18:06:55.864Z
2026-10-17_1000_workshop_black_and_white_diesmal_bunt_ein_schwarzlichttheater_workshop_meerwiese_theater,Workshop: Black and White - diesmal bunt – ein Schwarzlichttheater-Workshop,2026-10-17,10:00,2026-10-17,16:00,Begegnungszentrum und Theater in der Meerwiese,An der Meerwiese 25,Münster-Coerde,Stadt Münster Veranstaltungskalender,Theater / Kultur / Tanz / Kinderkultur,scheduled,Stadt Münster Veranstaltungskalender,https://www.stadt-muenster.de/veranstaltungskalender/-/detail/2806/15458/workshop-black-and-white-diesmal-bunt-ein-schwarzlichttheater-workshop,2026-09-10T18:06:55.864Z
2026-10-18_1500_henri_der_bucherwurm_aufregung_in_der_sonnenschein_bucherei_stadtbuecherei_coerde,"Henri, der Bücherwurm – Aufregung in der Sonnenschein-Bücherei!",2026-10-18,15:00,2026-10-18,,Stadtteilbücherei Coerde,,Münster-Coerde,Stadtbücherei Münster,Lesung / Bildung / Stadtteil,scheduled,Stadt Münster Veranstaltungskalender,https://www.stadt-muenster.de/veranstaltungskalender/-/detail/3268/19393/henri-der-buecherwurm-aufregung-in-der-sonnenschein-buecherei,2026-09-10T18:06:55.864Z
2026-10-21_1900_das_immersive_kriminal_dinner_in_3d_projektionen_sherlys_spurensuche_stadt_munster_veranstaltungskalender,Das immersive Kriminal Dinner in 3D-Projektionen – Sherlys Spurensuche,2026-10-21,19:00,2026-10-21,,Speicher 10 Münster,,Münster-Coerde,Stadt Münster Veranstaltungskalender,,scheduled,Stadt Münster Veranstaltungskalender,https://www.stadt-muenster.de/veranstaltungskalender/-/detail/1485/5999/das-immersive-kriminal-dinner-in-3d-projektionen-sherlys-spurensuche,2026-09-10T18:06:55.864Z
2026-10-22_1900_das_immersive_kriminal_dinner_in_3d_projektionen_sherlys_spurensuche_stadt_munster_veranstaltungskalender,Das immersive Kriminal Dinner in 3D-Projektionen – Sherlys Spurensuche,2026-10-22,19:00,2026-10-22,,Speicher 10 Münster,,Münster-Coerde,Stadt Münster Veranstaltungskalender,,scheduled,Stadt Münster Veranstaltungskalender,https://www.stadt-muenster.de/veranstaltungskalender/-/detail/1485/6000/das-immersive-kriminal-dinner-in-3d-projektionen-sherlys-spurensuche,2026-09-10T18:06:55.864Z
2026-10-23_1900_das_immersive_kriminal_dinner_in_3d_projektionen_sherlys_spurensuche_stadt_munster_veranstaltungskalender,Das immersive Kriminal Dinner in 3D-Projektionen – Sherlys Spurensuche,2026-10-23,19:00,2026-10-23,,Speicher 10 Münster,,Münster-Coerde,Stadt Münster Veranstaltungskalender,,scheduled,Stadt Münster Veranstaltungskalender,https://www.stadt-muenster.de/veranstaltungskalender/-/detail/1485/6001/das-immersive-kriminal-dinner-in-3d-projektionen-sherlys-spurensuche,2026-09-10T18:06:55.864Z
2026-10-24_1900_das_immersive_kriminal_dinner_in_3d_projektionen_sherlys_spurensuche_stadt_munster_veranstaltungskalender,Das immersive Kriminal Dinner in 3D-Projektionen – Sherlys Spurensuche,2026-10-24,19:00,2026-10-24,,Speicher 10 Münster,,Münster-Coerde,Stadt Münster Veranstaltungskalender,,scheduled,Stadt Münster Veranstaltungskalender,https://www.stadt-muenster.de/veranstaltungskalender/-/detail/1485/6002/das-immersive-kriminal-dinner-in-3d-projektionen-sherlys-spurensuche,2026-09-10T18:06:55.864Z
2026-10-25_ganztag_44_kinderfilmfest_munster_2te_herbstferienwoche_im_schlosstheater_begegnungszent_meerwiese_begegnungszentrum,44. KinderFilmFest Münster – 2te Herbstferienwoche im Schloßtheater & Begegnungszentrum Meerwiese,2026-10-25,,2026-11-01,,Schloßtheater,An der Meerwiese 25,Münster-Coerde,Begegnungszentrum Meerwiese,Stadtteil / Begegnung / Kultur,scheduled,Stadt Münster Veranstaltungskalender,https://www.stadt-muenster.de/veranstaltungskalender/-/detail/3108/18946/44-kinderfilmfest-muenster-2te-herbstferienwoche-im-schlosstheater-begegnungszentrum-meerwiese,2026-09-10T18:06:55.864Z
2026-10-25_1900_das_immersive_kriminal_dinner_in_3d_projektionen_sherlys_spurensuche_stadt_munster_veranstaltungskalender,Das immersive Kriminal Dinner in 3D-Projektionen – Sherlys Spurensuche,2026-10-25,19:00,2026-10-25,,Speicher 10 Münster,,Münster-Coerde,Stadt Münster Veranstaltungskalender,,scheduled,Stadt Münster Veranstaltungskalender,https://www.stadt-muenster.de/veranstaltungskalender/-/detail/1485/6003/das-immersive-kriminal-dinner-in-3d-projektionen-sherlys-spurensuche,2026-09-10T18:06:55.864Z
2026-10-26_0930_tierforscher_erkunden_den_herbstwald_f_kinder_von_6_10_jahren_fbf_friedensstrasse_coerde,Tierforscher erkunden den Herbstwald f. Kinder von 6-10 Jahren,2026-10-26,09:30,2026-10-26,14:00,Treffpunkt Parkplatz an der Dyckburgkirche,"Dyckburger Str. 224, 48157 Münster",Münster-Coerde,FamilienBildung Friedensstraße,Bildung / Familie / Stadtteil,scheduled,FamilienBildung Friedensstraße,https://www.familienbildung-friedensstrasse.de/kurssuche/kurs/Tierforscher-erkunden-den-Herbstwald-f-Kinder-von-6-10-Jahren/2602-3073,2026-09-10T18:06:55.864Z
2026-10-27_0930_tierforscher_erkunden_den_herbstwald_f_kinder_von_6_10_jahren_fbf_friedensstrasse_coerde,Tierforscher erkunden den Herbstwald f. Kinder von 6-10 Jahren,2026-10-27,09:30,2026-10-27,14:00,Treffpunkt Parkplatz an der Dyckburgkirche,"Dyckburger Str. 224, 48157 Münster",Münster-Coerde,FamilienBildung Friedensstraße,Bildung / Familie / Stadtteil,scheduled,FamilienBildung Friedensstraße,https://www.familienbildung-friedensstrasse.de/kurssuche/kurs/Tierforscher-erkunden-den-Herbstwald-f-Kinder-von-6-10-Jahren/2602-3073,2026-09-10T18:06:55.864Z
2026-10-27_1030_filmworkshop_stummfilm_kinderklangorchester_44_kinderfilmfest_munster_vertonung__meerwiese_theater,Filmworkshop: Stummfilm-Kinderklangorchester – 44. KinderFilmFest Münster: Vertonung kurzer Stummfilme,2026-10-27,10:30,2026-10-27,13:00,Begegnungszentrum und Theater in der Meerwiese,An der Meerwiese 25,Münster-Coerde,Stadt Münster Veranstaltungskalender,Theater / Kultur / Tanz / Kinderkultur,scheduled,Stadt Münster Veranstaltungskalender,https://www.stadt-muenster.de/veranstaltungskalender/-/detail/3015/18561/filmworkshop-stummfilm-kinderklangorchester-44-kinderfilmfest-muenster-vertonung-kurzer-stummfilme,2026-09-10T18:06:55.864Z
2026-10-28_0930_tierforscher_erkunden_den_herbstwald_f_kinder_von_6_10_jahren_fbf_friedensstrasse_coerde,Tierforscher erkunden den Herbstwald f. Kinder von 6-10 Jahren,2026-10-28,09:30,2026-10-28,14:00,Treffpunkt Parkplatz an der Dyckburgkirche,"Dyckburger Str. 224, 48157 Münster",Münster-Coerde,FamilienBildung Friedensstraße,Bildung / Familie / Stadtteil,scheduled,FamilienBildung Friedensstraße,https://www.familienbildung-friedensstrasse.de/kurssuche/kurs/Tierforscher-erkunden-den-Herbstwald-f-Kinder-von-6-10-Jahren/2602-3073,2026-09-10T18:06:55.864Z
2026-10-28_1030_filmworkshop_stummfilm_kinderklangorchester_44_kinderfilmfest_munster_vertonung__meerwiese_theater,Filmworkshop: Stummfilm-Kinderklangorchester – 44. KinderFilmFest Münster: Vertonung kurzer Stummfilme,2026-10-28,10:30,2026-10-28,13:00,Begegnungszentrum und Theater in der Meerwiese,An der Meerwiese 25,Münster-Coerde,Stadt Münster Veranstaltungskalender,Theater / Kultur / Tanz / Kinderkultur,scheduled,Stadt Münster Veranstaltungskalender,https://www.stadt-muenster.de/veranstaltungskalender/-/detail/3015/18562/filmworkshop-stummfilm-kinderklangorchester-44-kinderfilmfest-muenster-vertonung-kurzer-stummfilme,2026-09-10T18:06:55.864Z
2026-10-29_0930_tierforscher_erkunden_den_herbstwald_f_kinder_von_6_10_jahren_fbf_friedensstrasse_coerde,Tierforscher erkunden den Herbstwald f. Kinder von 6-10 Jahren,2026-10-29,09:30,2026-10-29,14:00,Treffpunkt Parkplatz an der Dyckburgkirche,"Dyckburger Str. 224, 48157 Münster",Münster-Coerde,FamilienBildung Friedensstraße,Bildung / Familie / Stadtteil,scheduled,FamilienBildung Friedensstraße,https://www.familienbildung-friedensstrasse.de/kurssuche/kurs/Tierforscher-erkunden-den-Herbstwald-f-Kinder-von-6-10-Jahren/2602-3073,2026-09-10T18:06:55.864Z
2026-10-29_1030_filmworkshop_stummfilm_kinderklangorchester_44_kinderfilmfest_munster_vertonung__meerwiese_theater,Filmworkshop: Stummfilm-Kinderklangorchester – 44. KinderFilmFest Münster: Vertonung kurzer Stummfilme,2026-10-29,10:30,2026-10-29,13:00,Begegnungszentrum und Theater in der Meerwiese,An der Meerwiese 25,Münster-Coerde,Stadt Münster Veranstaltungskalender,Theater / Kultur / Tanz / Kinderkultur,scheduled,Stadt Münster Veranstaltungskalender,https://www.stadt-muenster.de/veranstaltungskalender/-/detail/3015/18563/filmworkshop-stummfilm-kinderklangorchester-44-kinderfilmfest-muenster-vertonung-kurzer-stummfilme,2026-09-10T18:06:55.864Z
2026-10-30_0930_tierforscher_erkunden_den_herbstwald_f_kinder_von_6_10_jahren_fbf_friedensstrasse_coerde,Tierforscher erkunden den Herbstwald f. Kinder von 6-10 Jahren,2026-10-30,09:30,2026-10-30,14:00,Treffpunkt Parkplatz an der Dyckburgkirche,"Dyckburger Str. 224, 48157 Münster",Münster-Coerde,FamilienBildung Friedensstraße,Bildung / Familie / Stadtteil,scheduled,FamilienBildung Friedensstraße,https://www.familienbildung-friedensstrasse.de/kurssuche/kurs/Tierforscher-erkunden-den-Herbstwald-f-Kinder-von-6-10-Jahren/2602-3073,2026-09-10T18:06:55.864Z
2026-10-30_1000_filmworkshop_stummfilm_kinderklangorchester_44_kinderfilmfest_munster_vertonung__meerwiese_theater,Filmworkshop: Stummfilm-Kinderklangorchester – 44. KinderFilmFest Münster: Vertonung kurzer Stummfilme,2026-10-30,10:00,2026-10-30,13:00,Begegnungszentrum und Theater in der Meerwiese,An der Meerwiese 25,Münster-Coerde,Stadt Münster Veranstaltungskalender,Theater / Kultur / Tanz / Kinderkultur,scheduled,Stadt Münster Veranstaltungskalender,https://www.stadt-muenster.de/veranstaltungskalender/-/detail/3015/18564/filmworkshop-stummfilm-kinderklangorchester-44-kinderfilmfest-muenster-vertonung-kurzer-stummfilme,2026-09-10T18:06:55.864Z
2026-11-01_1230_der_kloss_marchenland_theater_e_v_aus_munster_meerwiese_theater,Der Kloß – Märchenland Theater e.V. aus Münster,2026-11-01,12:30,2026-11-01,13:30,Begegnungszentrum und Theater in der Meerwiese,An der Meerwiese 25,Münster-Coerde,Stadt Münster Veranstaltungskalender,Theater / Kultur / Tanz / Kinderkultur,scheduled,Stadt Münster Veranstaltungskalender,https://www.stadt-muenster.de/veranstaltungskalender/-/detail/3018/18568/der-kloss-maerchenland-theater-e-v-aus-muenster,2026-09-10T18:06:55.864Z
2026-11-01_1500_der_kloss_marchenland_theater_e_v_aus_munster_meerwiese_theater,Der Kloß – Märchenland Theater e.V. aus Münster,2026-11-01,15:00,2026-11-01,16:00,Begegnungszentrum und Theater in der Meerwiese,An der Meerwiese 25,Münster-Coerde,Stadt Münster Veranstaltungskalender,Theater / Kultur / Tanz / Kinderkultur,scheduled,Stadt Münster Veranstaltungskalender,https://www.stadt-muenster.de/veranstaltungskalender/-/detail/3018/18569/der-kloss-maerchenland-theater-e-v-aus-muenster,2026-09-10T18:06:55.864Z
2026-11-01_1730_der_kloss_marchenland_theater_e_v_aus_munster_meerwiese_theater,Der Kloß – Märchenland Theater e.V. aus Münster,2026-11-01,17:30,2026-11-01,18:30,Begegnungszentrum und Theater in der Meerwiese,An der Meerwiese 25,Münster-Coerde,Stadt Münster Veranstaltungskalender,Theater / Kultur / Tanz / Kinderkultur,scheduled,Stadt Münster Veranstaltungskalender,https://www.stadt-muenster.de/veranstaltungskalender/-/detail/3018/18570/der-kloss-maerchenland-theater-e-v-aus-muenster,2026-09-10T18:06:55.864Z
2026-11-02_0930_yoga_fur_senior_innen_fbf_friedensstrasse_coerde,Yoga für Senior:innen,2026-11-02,09:30,2026-11-02,10:30,Begegnungszentrum Meerwiese/Saal,"An der Meerwiese 25, 48157 Münster",Münster-Coerde,FamilienBildung Friedensstraße,Bildung / Familie / Stadtteil,scheduled,FamilienBildung Friedensstraße,https://www.familienbildung-friedensstrasse.de/kurssuche/kurs/Yoga-fuer-Seniorinnen/2606-6018,2026-09-10T18:06:55.864Z
2026-11-02_1000_eltern_kind_waldspielgruppe_laufalter_bis_6_j_dyckburger_wald_fbf_friedensstrasse_coerde,Eltern-Kind-Waldspielgruppe Laufalter bis 6 J. Dyckburger Wald,2026-11-02,10:00,2026-11-02,11:30,Treffpunkt Parkplatz an der Dyckburgkirche,"Dyckburger Str. 224, 48157 Münster",Münster-Coerde,FamilienBildung Friedensstraße,Bildung / Familie / Stadtteil,scheduled,FamilienBildung Friedensstraße,https://www.familienbildung-friedensstrasse.de/kurssuche/kurs/Eltern-Kind-Waldspielgruppe-Laufalter-bis-6-J-Dyckburger-Wald/2602-2622,2026-09-10T18:06:55.864Z
2026-11-02_1000_griffbereit_mehrsprachige_eltern_kind_gruppe_von_1_3_j_fbf_friedensstrasse_coerde,Griffbereit - mehrsprachige Eltern-Kind-Gruppe von 1-3 J.,2026-11-02,10:00,2026-11-02,11:30,Begegnungszentrum Meerwiese/Treff/Eingang Nord,"An der Meerwiese 25, 48157 Münster",Münster-Coerde,FamilienBildung Friedensstraße,Bildung / Familie / Stadtteil,scheduled,FamilienBildung Friedensstraße,https://www.familienbildung-friedensstrasse.de/kurssuche/kurs/Griffbereit-mehrsprachige-Eltern-Kind-Gruppe-von-1-3-J/2602-2932,2026-09-10T18:06:55.864Z
2026-11-02_1530_eltern_kind_waldspielgruppe_laufalter_bis_6_j_dyckburger_wald_fbf_friedensstrasse_coerde,Eltern-Kind-Waldspielgruppe Laufalter bis 6 J. Dyckburger Wald,2026-11-02,15:30,2026-11-02,17:00,Treffpunkt Parkplatz an der Dyckburgkirche,"Dyckburger Str. 224, 48157 Münster",Münster-Coerde,FamilienBildung Friedensstraße,Bildung / Familie / Stadtteil,scheduled,FamilienBildung Friedensstraße,https://www.familienbildung-friedensstrasse.de/kurssuche/kurs/Eltern-Kind-Waldspielgruppe-Laufalter-bis-6-J-Dyckburger-Wald/2602-2637,2026-09-10T18:06:55.864Z
2026-11-02_1730_pilates_in_coerde_fbf_friedensstrasse_coerde,Pilates in Coerde,2026-11-02,17:30,2026-11-02,18:30,Begegnungszentrum Meerwiese/Saal,"An der Meerwiese 25, 48157 Münster",Münster-Coerde,FamilienBildung Friedensstraße,Bildung / Familie / Stadtteil,scheduled,FamilienBildung Friedensstraße,https://www.familienbildung-friedensstrasse.de/kurssuche/kurs/Pilates-in-Coerde/2606-6514,2026-09-10T18:06:55.864Z
2026-11-02_1830_pilates_in_coerde_fbf_friedensstrasse_coerde,Pilates in Coerde,2026-11-02,18:30,2026-11-02,19:30,Begegnungszentrum Meerwiese/Saal,"An der Meerwiese 25, 48157 Münster",Münster-Coerde,FamilienBildung Friedensstraße,Bildung / Familie / Stadtteil,scheduled,FamilienBildung Friedensstraße,https://www.familienbildung-friedensstrasse.de/kurssuche/kurs/Pilates-in-Coerde/2606-6522,2026-09-10T18:06:55.864Z
2026-11-02_1945_gesellschaftstanze_fur_fortgeschrittene_anfanger_innen_fbf_friedensstrasse_coerde,Gesellschaftstänze für fortgeschrittene Anfänger:innen,2026-11-02,19:45,2026-11-02,21:15,Begegnungszentrum Meerwiese/Saal,"An der Meerwiese 25, 48157 Münster",Münster-Coerde,FamilienBildung Friedensstraße,Bildung / Familie / Stadtteil,scheduled,FamilienBildung Friedensstraße,https://www.familienbildung-friedensstrasse.de/kurssuche/kurs/Gesellschaftstaenze-fuer-fortgeschrittene-Anfaengerinnen/2606-6618,2026-09-10T18:06:55.864Z
2026-11-03_0915_deutsch_fur_migrantinnen_alltagsnah_deutsch_lernen_im_stadtteilburo_fbf_friedensstrasse_coerde,Deutsch für Migrantinnen - alltagsnah Deutsch lernen im Stadtteilbüro,2026-11-03,09:15,2026-11-03,12:00,Stadtteilbüro Coerde der AWO,"Nerzweg 9, 48157 Münster",Münster-Coerde,FamilienBildung Friedensstraße,Bildung / Familie / Stadtteil,scheduled,FamilienBildung Friedensstraße,https://www.familienbildung-friedensstrasse.de/kurssuche/kurs/Deutsch-fuer-Migrantinnen-alltagsnah-Deutsch-lernen-im-Stadtteilbuero/2604-4410,2026-09-10T18:06:55.864Z
2026-11-03_0930_sure_start_die_babyspielstunde_coerde_fbf_friedensstrasse_coerde,Sure Start - Die Babyspielstunde Coerde,2026-11-03,09:30,2026-11-03,12:30,Begegnungszentrum Meerwiese/Treff + Kreativ,,Münster-Coerde,FamilienBildung Friedensstraße,Bildung / Familie / Stadtteil,scheduled,FamilienBildung Friedensstraße,https://www.familienbildung-friedensstrasse.de/kurssuche/kurs/Sure-Start-Die-Babyspielstunde-Coerde/2602-2402,2026-09-10T18:06:55.864Z
2026-11-03_1600_deutsch_fur_migrant_innen_alltagsnah_deutsch_lernen_im_coerde_mittendrin_fbf_friedensstrasse_coerde,Deutsch für Migrant:innen - alltagsnah Deutsch lernen im coerde mittendrin,2026-11-03,16:00,2026-11-03,18:00,coerde mittendrin,"Königsberger Str. 8, 48157 Münster",Münster-Coerde,FamilienBildung Friedensstraße,Bildung / Familie / Stadtteil,scheduled,FamilienBildung Friedensstraße,https://www.familienbildung-friedensstrasse.de/kurssuche/kurs/Deutsch-fuer-Migrantinnen-alltagsnah-Deutsch-lernen-im-coerde-mittendrin/2604-4418,2026-09-10T18:06:55.864Z
2026-11-03_1755_nia_fitness_mit_groove_fbf_friedensstrasse_coerde,Nia® – Fitness mit Groove,2026-11-03,17:55,2026-11-03,18:55,Begegnungszentrum Meerwiese/Saal,"An der Meerwiese 25, 48157 Münster",Münster-Coerde,FamilienBildung Friedensstraße,Bildung / Familie / Stadtteil,scheduled,FamilienBildung Friedensstraße,https://www.familienbildung-friedensstrasse.de/kurssuche/kurs/Nia-Fitness-mit-Groove/2606-6574,2026-09-10T18:06:55.864Z
2026-11-03_1900_malen_mit_aquarell_und_acrylfarben_fbf_friedensstrasse_coerde,Malen mit Aquarell- und Acrylfarben,2026-11-03,19:00,2026-11-03,21:15,Begegnungszentrum Meerwiese/Treff,,Münster-Coerde,FamilienBildung Friedensstraße,Bildung / Familie / Stadtteil,scheduled,FamilienBildung Friedensstraße,https://www.familienbildung-friedensstrasse.de/kurssuche/kurs/Malen-mit-Aquarell--und-Acrylfarben/2608-8033,2026-09-10T18:06:55.864Z
2026-11-03_1915_gesellschaftstanze_fur_paare_fur_fortgeschrittene_ii_fbf_friedensstrasse_coerde,Gesellschaftstänze für Paare – für Fortgeschrittene II,2026-11-03,19:15,2026-11-03,20:15,Begegnungszentrum Meerwiese/Saal,"An der Meerwiese 25, 48157 Münster",Münster-Coerde,FamilienBildung Friedensstraße,Bildung / Familie / Stadtteil,scheduled,FamilienBildung Friedensstraße,https://www.familienbildung-friedensstrasse.de/kurssuche/kurs/Gesellschaftstaenze-fuer-Paare-fuer-Fortgeschrittene-II/2606-6612,2026-09-10T18:06:55.864Z
2026-11-03_2015_gesellschaftstanze_fur_paare_fur_fortgeschrittene_i_fbf_friedensstrasse_coerde,Gesellschaftstänze für Paare – für Fortgeschrittene I,2026-11-03,20:15,2026-11-03,21:15,Begegnungszentrum Meerwiese/Saal,"An der Meerwiese 25, 48157 Münster",Münster-Coerde,FamilienBildung Friedensstraße,Bildung / Familie / Stadtteil,scheduled,FamilienBildung Friedensstraße,https://www.familienbildung-friedensstrasse.de/kurssuche/kurs/Gesellschaftstaenze-fuer-Paare-fuer-Fortgeschrittene-I/2606-6606,2026-09-10T18:06:55.864Z
2026-11-04_0930_qi_gong_energie_fur_den_tag_fbf_friedensstrasse_coerde,Qi Gong - Energie für den Tag,2026-11-04,09:30,2026-11-04,11:00,Begegnungszentrum Meerwiese/Saal,"An der Meerwiese 25, 48157 Münster",Münster-Coerde,FamilienBildung Friedensstraße,Bildung / Familie / Stadtteil,scheduled,FamilienBildung Friedensstraße,https://www.familienbildung-friedensstrasse.de/kurssuche/kurs/Qi-Gong-Energie-fuer-den-Tag/2606-6258,2026-09-10T18:06:55.864Z
2026-11-04_1400_sure_start_plus_die_familienspielstunde_coerde_fbf_friedensstrasse_coerde,Sure Start Plus - Die Familienspielstunde Coerde,2026-11-04,14:00,2026-11-04,17:00,Kita Wertvoll,"Kiesekampweg 8, Münster",Münster-Coerde,FamilienBildung Friedensstraße,Bildung / Familie / Stadtteil,scheduled,FamilienBildung Friedensstraße,https://www.familienbildung-friedensstrasse.de/kurssuche/kurs/Sure-Start-Plus-Die-Familienspielstunde-Coerde/2602-2912,2026-09-10T18:06:55.864Z
2026-11-04_1430_lernspielgruppe_fur_eltern_und_kinder_in_der_kitazeit_fbf_friedensstrasse_coerde,Lernspielgruppe für Eltern und Kinder in der Kitazeit,2026-11-04,14:30,2026-11-04,17:30,Begegnungszentrum Meerwiese/Kreativ,,Münster-Coerde,FamilienBildung Friedensstraße,Bildung / Familie / Stadtteil,scheduled,FamilienBildung Friedensstraße,https://www.familienbildung-friedensstrasse.de/kurssuche/kurs/Lernspielgruppe-fuer-Eltern-und-Kinder-in-der-Kitazeit/2602-2922,2026-09-10T18:06:55.864Z
2026-11-04_1545_eltern_kind_waldspielgruppe_laufalter_bis_6_j_dyckburger_wald_fbf_friedensstrasse_coerde,Eltern-Kind-Waldspielgruppe Laufalter bis 6 J. Dyckburger Wald,2026-11-04,15:45,2026-11-04,17:15,Treffpunkt Parkplatz an der Dyckburgkirche,"Dyckburger Str. 224, 48157 Münster",Münster-Coerde,FamilienBildung Friedensstraße,Bildung / Familie / Stadtteil,scheduled,FamilienBildung Friedensstraße,https://www.familienbildung-friedensstrasse.de/kurssuche/kurs/Eltern-Kind-Waldspielgruppe-Laufalter-bis-6-J-Dyckburger-Wald/2602-2632,2026-09-10T18:06:55.864Z
2026-11-04_1830_yoga_an_der_meerwiese_fbf_friedensstrasse_coerde,Yoga An der Meerwiese,2026-11-04,18:30,2026-11-04,20:00,DRK Kita Meerwiese,"An der Meerwiese 11, 48157 Münster",Münster-Coerde,FamilienBildung Friedensstraße,Bildung / Familie / Stadtteil,scheduled,FamilienBildung Friedensstraße,https://www.familienbildung-friedensstrasse.de/kurssuche/kurs/Yoga-An-der-Meerwiese/2606-6058,2026-09-10T18:06:55.864Z
2026-11-04_1900_bauchtanz_fur_frauen_fbf_friedensstrasse_coerde,Bauchtanz für Frauen,2026-11-04,19:00,2026-11-04,21:00,Begegnungszentrum Meerwiese/Saal,"An der Meerwiese 25, 48157 Münster",Münster-Coerde,FamilienBildung Friedensstraße,Bildung / Familie / Stadtteil,scheduled,FamilienBildung Friedensstraße,https://www.familienbildung-friedensstrasse.de/kurssuche/kurs/Bauchtanz-fuer-Frauen/2606-6630,2026-09-10T18:06:55.864Z
2026-11-05_0930_sure_start_die_babyspielstunde_coerde_fbf_friedensstrasse_coerde,Sure Start - Die Babyspielstunde Coerde,2026-11-05,09:30,2026-11-05,12:30,Begegnungszentrum Meerwiese,"An der Meerwiese 25, 48157 Münster",Münster-Coerde,FamilienBildung Friedensstraße,Bildung / Familie / Stadtteil,scheduled,FamilienBildung Friedensstraße,https://www.familienbildung-friedensstrasse.de/kurssuche/kurs/Sure-Start-Die-Babyspielstunde-Coerde/2602-2422,2026-09-10T18:06:55.864Z
2026-11-05_1430_komm_wir_sprechen_deutsch_fbf_friedensstrasse_coerde,"Komm, wir sprechen deutsch!",2026-11-05,14:30,2026-11-05,16:00,coerde mittendrin,"Königsberger Str. 8, 48157 Münster",Münster-Coerde,FamilienBildung Friedensstraße,Bildung / Familie / Stadtteil,scheduled,FamilienBildung Friedensstraße,https://www.familienbildung-friedensstrasse.de/kurssuche/kurs/Komm-wir-sprechen-deutsch/2604-4402,2026-09-10T18:06:55.864Z
2026-11-05_1430_praktische_ernahrungsbildung_fur_eltern_mit_ihren_kindern_ab_3_jahren_fbf_friedensstrasse_coerde,Praktische Ernährungsbildung für Eltern mit ihren Kindern ab 3 Jahren,2026-11-05,14:30,2026-11-05,16:45,Kita Wertvoll,"Kiesekampweg 8, Münster",Münster-Coerde,FamilienBildung Friedensstraße,Bildung / Familie / Stadtteil,scheduled,FamilienBildung Friedensstraße,https://www.familienbildung-friedensstrasse.de/kurssuche/kurs/Praktische-Ernaehrungsbildung-fuer-Eltern-mit-ihren-Kindern-ab-3-Jahren/2602-2938,2026-09-10T18:06:55.864Z
2026-11-05_1530_spielgruppe_fur_deutsch_russisch_und_ukrainisch_sprechende_eltern_und_kinder_von_fbf_friedensstrasse_coerde,Spielgruppe für deutsch-russisch und -ukrainisch sprechende Eltern und Kinder von 1-3 J.,2026-11-05,15:30,2026-11-05,17:00,Begegnungszentrum Meerwiese,"An der Meerwiese 25, 48157 Münster",Münster-Coerde,FamilienBildung Friedensstraße,Bildung / Familie / Stadtteil,scheduled,FamilienBildung Friedensstraße,https://www.familienbildung-friedensstrasse.de/kurssuche/kurs/Spielgruppe-f-dt-russisch-u-ukrainisch-sprechende-Eltern-u-Kinder-von-1-3-J/2602-2602,2026-09-10T18:06:55.864Z
2026-11-05_1600_turnen_und_toben_fur_gross_eltern_und_kinder_1_3_j_an_der_meerwiese_fbf_friedensstrasse_coerde,Turnen und Toben für (Groß-)Eltern und Kinder 1-3 J. An der Meerwiese,2026-11-05,16:00,2026-11-05,17:00,DRK Kita Meerwiese,"An der Meerwiese 11, 48157 Münster",Münster-Coerde,FamilienBildung Friedensstraße,Bildung / Familie / Stadtteil,scheduled,FamilienBildung Friedensstraße,https://www.familienbildung-friedensstrasse.de/kurssuche/kurs/Turnen-und-Toben-fuer-Gross-Eltern-und-Kinder-1-3-J-An-der-Meerwiese/2602-2752,2026-09-10T18:06:55.864Z
2026-11-05_1945_zumba_workout_fitness_fbf_friedensstrasse_coerde,Zumba® Workout Fitness,2026-11-05,19:45,2026-11-05,20:45,Begegnungszentrum Meerwiese/Saal,"An der Meerwiese 25, 48157 Münster",Münster-Coerde,FamilienBildung Friedensstraße,Bildung / Familie / Stadtteil,scheduled,FamilienBildung Friedensstraße,https://www.familienbildung-friedensstrasse.de/kurssuche/kurs/Zumba-Workout-Fitness/2606-6568,2026-09-10T18:06:55.864Z
2026-11-06_0915_deutsch_fur_migrantinnen_alltagsnah_deutsch_lernen_an_der_meerwiese_fbf_friedensstrasse_coerde,Deutsch für Migrantinnen - alltagsnah Deutsch lernen an der Meerwiese,2026-11-06,09:15,2026-11-06,12:00,Begegnungszentrum Meerwiese/Treff + Kreativ,,Münster-Coerde,FamilienBildung Friedensstraße,Bildung / Familie / Stadtteil,scheduled,FamilienBildung Friedensstraße,https://www.familienbildung-friedensstrasse.de/kurssuche/kurs/Deutsch-fuer-Migrantinnen-alltagsnah-Deutsch-lernen-an-der-Meerwiese/2604-4414,2026-09-10T18:06:55.864Z
2026-11-06_1000_tanzxchange_freie_tanzszene_munster_open_class_meerwiese_theater,TanzXchange – Freie Tanzszene Münster – OPEN CLASS,2026-11-06,10:00,2026-11-06,12:00,Begegnungszentrum und Theater in der Meerwiese,An der Meerwiese 25,Münster-Coerde,Stadt Münster Veranstaltungskalender,Theater / Kultur / Tanz / Kinderkultur,scheduled,Stadt Münster Veranstaltungskalender,https://www.stadt-muenster.de/veranstaltungskalender/-/detail/1025/15842/tanzxchange-freie-tanzszene-muenster-open-class,2026-09-10T18:06:55.864Z
2026-11-06_1900_die_lofoten_eckels_kladde_events,Die Lofoten,2026-11-06,19:00,2026-11-06,,Eckels Kladde,Coermühle 50f,Münster-Coerde,Eckels Kladde,Kultur / Musik / Stadtteil,scheduled,e.ssenz / Eckels Kladde – alle Kurse und Events,https://www.eckels-kladde.de/collections/alle-kurse-und-events-in-munster/products/die-lofoten-06-11-26-19-uhr-multimediale-prasentation-mit-einzigartigem-3-gang-menu,2026-09-10T18:06:55.864Z
2026-11-06_1930_vorlese_cafe_im_november_auf_russisch_deutsch_mit_musik_kulturinitiative_coerde,Vorlese-Café im November auf Russisch & Deutsch mit Musik,2026-11-06,19:30,2026-11-06,21:00,Begegnungszentrum Meerwiese,"An der Meerwiese 25, 48157, Münster",Münster-Coerde,Kulturinitiative Coerde e. V.,Kultur / Stadtteil / Ehrenamt,scheduled,Kulturinitiative Coerde,https://kulturinitiative-coerde.de/termin/vorlese-cafe-im-november/,2026-09-10T18:06:55.864Z
2026-11-07_1700_kindermusikfestival_munsterland_suli_puschban_suli_puschban_aus_berlin_meerwiese_theater,Kindermusikfestival-Münsterland: Suli Puschban – Suli Puschban aus Berlin,2026-11-07,17:00,2026-11-07,17:50,Begegnungszentrum und Theater in der Meerwiese,An der Meerwiese 25,Münster-Coerde,Stadt Münster Veranstaltungskalender,Theater / Kultur / Tanz / Kinderkultur,scheduled,Stadt Münster Veranstaltungskalender,https://www.stadt-muenster.de/veranstaltungskalender/-/detail/2808/15460/kindermusikfestival-muensterland-suli-puschban-suli-puschban-aus-berlin,2026-09-10T18:06:55.864Z
2026-11-07_1900_nordlichter_eckels_kladde_events,NORDLICHTER,2026-11-07,19:00,2026-11-07,,Eckels Kladde,Coermühle 50f,Münster-Coerde,Eckels Kladde,Kultur / Musik / Stadtteil,scheduled,e.ssenz / Eckels Kladde – alle Kurse und Events,https://www.eckels-kladde.de/collections/alle-kurse-und-events-in-munster/products/nordlichter-07-11-25-19-uhr-multimediale-prasentation-mit-3-gangen,2026-09-10T18:06:55.864Z
2026-11-09_0930_yoga_fur_senior_innen_fbf_friedensstrasse_coerde,Yoga für Senior:innen,2026-11-09,09:30,2026-11-09,10:30,Begegnungszentrum Meerwiese/Saal,"An der Meerwiese 25, 48157 Münster",Münster-Coerde,FamilienBildung Friedensstraße,Bildung / Familie / Stadtteil,scheduled,FamilienBildung Friedensstraße,https://www.familienbildung-friedensstrasse.de/kurssuche/kurs/Yoga-fuer-Seniorinnen/2606-6018,2026-09-10T18:06:55.864Z
2026-11-09_1000_eltern_kind_waldspielgruppe_laufalter_bis_6_j_dyckburger_wald_fbf_friedensstrasse_coerde,Eltern-Kind-Waldspielgruppe Laufalter bis 6 J. Dyckburger Wald,2026-11-09,10:00,2026-11-09,11:30,Treffpunkt Parkplatz an der Dyckburgkirche,"Dyckburger Str. 224, 48157 Münster",Münster-Coerde,FamilienBildung Friedensstraße,Bildung / Familie / Stadtteil,scheduled,FamilienBildung Friedensstraße,https://www.familienbildung-friedensstrasse.de/kurssuche/kurs/Eltern-Kind-Waldspielgruppe-Laufalter-bis-6-J-Dyckburger-Wald/2602-2622,2026-09-10T18:06:55.864Z
2026-11-09_1000_griffbereit_mehrsprachige_eltern_kind_gruppe_von_1_3_j_fbf_friedensstrasse_coerde,Griffbereit - mehrsprachige Eltern-Kind-Gruppe von 1-3 J.,2026-11-09,10:00,2026-11-09,11:30,Begegnungszentrum Meerwiese/Treff/Eingang Nord,"An der Meerwiese 25, 48157 Münster",Münster-Coerde,FamilienBildung Friedensstraße,Bildung / Familie / Stadtteil,scheduled,FamilienBildung Friedensstraße,https://www.familienbildung-friedensstrasse.de/kurssuche/kurs/Griffbereit-mehrsprachige-Eltern-Kind-Gruppe-von-1-3-J/2602-2932,2026-09-10T18:06:55.864Z
2026-11-09_1300_pilates_in_coerde_fbf_friedensstrasse_coerde,Pilates in Coerde,2026-11-09,13:00,2026-11-09,14:00,Begegnungszentrum Meerwiese/Saal,"An der Meerwiese 25, 48157 Münster",Münster-Coerde,FamilienBildung Friedensstraße,Bildung / Familie / Stadtteil,scheduled,FamilienBildung Friedensstraße,https://www.familienbildung-friedensstrasse.de/kurssuche/kurs/Pilates-in-Coerde/2606-6506,2026-09-10T18:06:55.864Z
2026-11-09_1530_eltern_kind_waldspielgruppe_laufalter_bis_6_j_dyckburger_wald_fbf_friedensstrasse_coerde,Eltern-Kind-Waldspielgruppe Laufalter bis 6 J. Dyckburger Wald,2026-11-09,15:30,2026-11-09,17:00,Treffpunkt Parkplatz an der Dyckburgkirche,"Dyckburger Str. 224, 48157 Münster",Münster-Coerde,FamilienBildung Friedensstraße,Bildung / Familie / Stadtteil,scheduled,FamilienBildung Friedensstraße,https://www.familienbildung-friedensstrasse.de/kurssuche/kurs/Eltern-Kind-Waldspielgruppe-Laufalter-bis-6-J-Dyckburger-Wald/2602-2637,2026-09-10T18:06:55.864Z
2026-11-09_1730_pilates_in_coerde_fbf_friedensstrasse_coerde,Pilates in Coerde,2026-11-09,17:30,2026-11-09,18:30,Begegnungszentrum Meerwiese/Saal,"An der Meerwiese 25, 48157 Münster",Münster-Coerde,FamilienBildung Friedensstraße,Bildung / Familie / Stadtteil,scheduled,FamilienBildung Friedensstraße,https://www.familienbildung-friedensstrasse.de/kurssuche/kurs/Pilates-in-Coerde/2606-6514,2026-09-10T18:06:55.864Z
2026-11-09_1830_pilates_in_coerde_fbf_friedensstrasse_coerde,Pilates in Coerde,2026-11-09,18:30,2026-11-09,19:30,Begegnungszentrum Meerwiese/Saal,"An der Meerwiese 25, 48157 Münster",Münster-Coerde,FamilienBildung Friedensstraße,Bildung / Familie / Stadtteil,scheduled,FamilienBildung Friedensstraße,https://www.familienbildung-friedensstrasse.de/kurssuche/kurs/Pilates-in-Coerde/2606-6522,2026-09-10T18:06:55.864Z
2026-11-09_1945_gesellschaftstanze_fur_fortgeschrittene_anfanger_innen_fbf_friedensstrasse_coerde,Gesellschaftstänze für fortgeschrittene Anfänger:innen,2026-11-09,19:45,2026-11-09,21:15,Begegnungszentrum Meerwiese/Saal,"An der Meerwiese 25, 48157 Münster",Münster-Coerde,FamilienBildung Friedensstraße,Bildung / Familie / Stadtteil,scheduled,FamilienBildung Friedensstraße,https://www.familienbildung-friedensstrasse.de/kurssuche/kurs/Gesellschaftstaenze-fuer-fortgeschrittene-Anfaengerinnen/2606-6618,2026-09-10T18:06:55.864Z
2026-11-10_0915_deutsch_fur_migrantinnen_alltagsnah_deutsch_lernen_im_stadtteilburo_fbf_friedensstrasse_coerde,Deutsch für Migrantinnen - alltagsnah Deutsch lernen im Stadtteilbüro,2026-11-10,09:15,2026-11-10,12:00,Stadtteilbüro Coerde der AWO,"Nerzweg 9, 48157 Münster",Münster-Coerde,FamilienBildung Friedensstraße,Bildung / Familie / Stadtteil,scheduled,FamilienBildung Friedensstraße,https://www.familienbildung-friedensstrasse.de/kurssuche/kurs/Deutsch-fuer-Migrantinnen-alltagsnah-Deutsch-lernen-im-Stadtteilbuero/2604-4410,2026-09-10T18:06:55.864Z
2026-11-10_0930_sure_start_die_babyspielstunde_coerde_fbf_friedensstrasse_coerde,Sure Start - Die Babyspielstunde Coerde,2026-11-10,09:30,2026-11-10,12:30,Begegnungszentrum Meerwiese/Treff + Kreativ,,Münster-Coerde,FamilienBildung Friedensstraße,Bildung / Familie / Stadtteil,scheduled,FamilienBildung Friedensstraße,https://www.familienbildung-friedensstrasse.de/kurssuche/kurs/Sure-Start-Die-Babyspielstunde-Coerde/2602-2402,2026-09-10T18:06:55.864Z
2026-11-10_1430_pausenzeit_die_starkt_kochpraxis_fur_kindgerechte_zwischenmahlzeiten_fbf_friedensstrasse_coerde,"Pausenzeit, die stärkt - Kochpraxis für kindgerechte Zwischenmahlzeiten",2026-11-10,14:30,2026-11-10,16:45,DRK Kita Meerwiese,"An der Meerwiese 11, 48157 Münster",Münster-Coerde,FamilienBildung Friedensstraße,Bildung / Familie / Stadtteil,scheduled,FamilienBildung Friedensstraße,https://www.familienbildung-friedensstrasse.de/kurssuche/kurs/Pausenzeit-die-staerkt-Kochpraxis-fuer-kindgerechte-Zwischenmahlzeiten/2603-3326,2026-09-10T18:06:55.864Z
2026-11-10_1600_deutsch_fur_migrant_innen_alltagsnah_deutsch_lernen_im_coerde_mittendrin_fbf_friedensstrasse_coerde,Deutsch für Migrant:innen - alltagsnah Deutsch lernen im coerde mittendrin,2026-11-10,16:00,2026-11-10,18:00,coerde mittendrin,"Königsberger Str. 8, 48157 Münster",Münster-Coerde,FamilienBildung Friedensstraße,Bildung / Familie / Stadtteil,scheduled,FamilienBildung Friedensstraße,https://www.familienbildung-friedensstrasse.de/kurssuche/kurs/Deutsch-fuer-Migrantinnen-alltagsnah-Deutsch-lernen-im-coerde-mittendrin/2604-4418,2026-09-10T18:06:55.864Z
2026-11-10_1755_nia_fitness_mit_groove_fbf_friedensstrasse_coerde,Nia® – Fitness mit Groove,2026-11-10,17:55,2026-11-10,18:55,Begegnungszentrum Meerwiese/Saal,"An der Meerwiese 25, 48157 Münster",Münster-Coerde,FamilienBildung Friedensstraße,Bildung / Familie / Stadtteil,scheduled,FamilienBildung Friedensstraße,https://www.familienbildung-friedensstrasse.de/kurssuche/kurs/Nia-Fitness-mit-Groove/2606-6574,2026-09-10T18:06:55.864Z
2026-11-10_1900_malen_mit_aquarell_und_acrylfarben_fbf_friedensstrasse_coerde,Malen mit Aquarell- und Acrylfarben,2026-11-10,19:00,2026-11-10,21:15,Begegnungszentrum Meerwiese/Treff,,Münster-Coerde,FamilienBildung Friedensstraße,Bildung / Familie / Stadtteil,scheduled,FamilienBildung Friedensstraße,https://www.familienbildung-friedensstrasse.de/kurssuche/kurs/Malen-mit-Aquarell--und-Acrylfarben/2608-8033,2026-09-10T18:06:55.864Z
2026-11-10_1915_gesellschaftstanze_fur_paare_fur_fortgeschrittene_ii_fbf_friedensstrasse_coerde,Gesellschaftstänze für Paare – für Fortgeschrittene II,2026-11-10,19:15,2026-11-10,20:15,Begegnungszentrum Meerwiese/Saal,"An der Meerwiese 25, 48157 Münster",Münster-Coerde,FamilienBildung Friedensstraße,Bildung / Familie / Stadtteil,scheduled,FamilienBildung Friedensstraße,https://www.familienbildung-friedensstrasse.de/kurssuche/kurs/Gesellschaftstaenze-fuer-Paare-fuer-Fortgeschrittene-II/2606-6612,2026-09-10T18:06:55.864Z
2026-11-10_2015_gesellschaftstanze_fur_paare_fur_fortgeschrittene_i_fbf_friedensstrasse_coerde,Gesellschaftstänze für Paare – für Fortgeschrittene I,2026-11-10,20:15,2026-11-10,21:15,Begegnungszentrum Meerwiese/Saal,"An der Meerwiese 25, 48157 Münster",Münster-Coerde,FamilienBildung Friedensstraße,Bildung / Familie / Stadtteil,scheduled,FamilienBildung Friedensstraße,https://www.familienbildung-friedensstrasse.de/kurssuche/kurs/Gesellschaftstaenze-fuer-Paare-fuer-Fortgeschrittene-I/2606-6606,2026-09-10T18:06:55.864Z
2026-11-11_0930_qi_gong_energie_fur_den_tag_fbf_friedensstrasse_coerde,Qi Gong - Energie für den Tag,2026-11-11,09:30,2026-11-11,11:00,Begegnungszentrum Meerwiese/Saal,"An der Meerwiese 25, 48157 Münster",Münster-Coerde,FamilienBildung Friedensstraße,Bildung / Familie / Stadtteil,scheduled,FamilienBildung Friedensstraße,https://www.familienbildung-friedensstrasse.de/kurssuche/kurs/Qi-Gong-Energie-fuer-den-Tag/2606-6258,2026-09-10T18:06:55.864Z
2026-11-11_1400_sure_start_plus_die_familienspielstunde_coerde_fbf_friedensstrasse_coerde,Sure Start Plus - Die Familienspielstunde Coerde,2026-11-11,14:00,2026-11-11,17:00,Kita Wertvoll,"Kiesekampweg 8, Münster",Münster-Coerde,FamilienBildung Friedensstraße,Bildung / Familie / Stadtteil,scheduled,FamilienBildung Friedensstraße,https://www.familienbildung-friedensstrasse.de/kurssuche/kurs/Sure-Start-Plus-Die-Familienspielstunde-Coerde/2602-2912,2026-09-10T18:06:55.864Z
2026-11-11_1430_lernspielgruppe_fur_eltern_und_kinder_in_der_kitazeit_fbf_friedensstrasse_coerde,Lernspielgruppe für Eltern und Kinder in der Kitazeit,2026-11-11,14:30,2026-11-11,17:30,Begegnungszentrum Meerwiese/Kreativ,,Münster-Coerde,FamilienBildung Friedensstraße,Bildung / Familie / Stadtteil,scheduled,FamilienBildung Friedensstraße,https://www.familienbildung-friedensstrasse.de/kurssuche/kurs/Lernspielgruppe-fuer-Eltern-und-Kinder-in-der-Kitazeit/2602-2922,2026-09-10T18:06:55.864Z
2026-11-11_1545_eltern_kind_waldspielgruppe_laufalter_bis_6_j_dyckburger_wald_fbf_friedensstrasse_coerde,Eltern-Kind-Waldspielgruppe Laufalter bis 6 J. Dyckburger Wald,2026-11-11,15:45,2026-11-11,17:15,Treffpunkt Parkplatz an der Dyckburgkirche,"Dyckburger Str. 224, 48157 Münster",Münster-Coerde,FamilienBildung Friedensstraße,Bildung / Familie / Stadtteil,scheduled,FamilienBildung Friedensstraße,https://www.familienbildung-friedensstrasse.de/kurssuche/kurs/Eltern-Kind-Waldspielgruppe-Laufalter-bis-6-J-Dyckburger-Wald/2602-2632,2026-09-10T18:06:55.864Z
2026-11-11_1830_yoga_an_der_meerwiese_fbf_friedensstrasse_coerde,Yoga An der Meerwiese,2026-11-11,18:30,2026-11-11,20:00,DRK Kita Meerwiese,"An der Meerwiese 11, 48157 Münster",Münster-Coerde,FamilienBildung Friedensstraße,Bildung / Familie / Stadtteil,scheduled,FamilienBildung Friedensstraße,https://www.familienbildung-friedensstrasse.de/kurssuche/kurs/Yoga-An-der-Meerwiese/2606-6058,2026-09-10T18:06:55.864Z
2026-11-12_0930_sure_start_die_babyspielstunde_coerde_fbf_friedensstrasse_coerde,Sure Start - Die Babyspielstunde Coerde,2026-11-12,09:30,2026-11-12,12:30,Begegnungszentrum Meerwiese,"An der Meerwiese 25, 48157 Münster",Münster-Coerde,FamilienBildung Friedensstraße,Bildung / Familie / Stadtteil,scheduled,FamilienBildung Friedensstraße,https://www.familienbildung-friedensstrasse.de/kurssuche/kurs/Sure-Start-Die-Babyspielstunde-Coerde/2602-2422,2026-09-10T18:06:55.864Z
2026-11-12_1430_komm_wir_sprechen_deutsch_fbf_friedensstrasse_coerde,"Komm, wir sprechen deutsch!",2026-11-12,14:30,2026-11-12,16:00,coerde mittendrin,"Königsberger Str. 8, 48157 Münster",Münster-Coerde,FamilienBildung Friedensstraße,Bildung / Familie / Stadtteil,scheduled,FamilienBildung Friedensstraße,https://www.familienbildung-friedensstrasse.de/kurssuche/kurs/Komm-wir-sprechen-deutsch/2604-4402,2026-09-10T18:06:55.864Z
2026-11-12_1430_praktische_ernahrungsbildung_fur_eltern_mit_ihren_kindern_ab_3_jahren_fbf_friedensstrasse_coerde,Praktische Ernährungsbildung für Eltern mit ihren Kindern ab 3 Jahren,2026-11-12,14:30,2026-11-12,16:45,Kita Wertvoll,"Kiesekampweg 8, Münster",Münster-Coerde,FamilienBildung Friedensstraße,Bildung / Familie / Stadtteil,scheduled,FamilienBildung Friedensstraße,https://www.familienbildung-friedensstrasse.de/kurssuche/kurs/Praktische-Ernaehrungsbildung-fuer-Eltern-mit-ihren-Kindern-ab-3-Jahren/2602-2938,2026-09-10T18:06:55.864Z
2026-11-12_1530_spielgruppe_fur_deutsch_russisch_und_ukrainisch_sprechende_eltern_und_kinder_von_fbf_friedensstrasse_coerde,Spielgruppe für deutsch-russisch und -ukrainisch sprechende Eltern und Kinder von 1-3 J.,2026-11-12,15:30,2026-11-12,17:00,Begegnungszentrum Meerwiese,"An der Meerwiese 25, 48157 Münster",Münster-Coerde,FamilienBildung Friedensstraße,Bildung / Familie / Stadtteil,scheduled,FamilienBildung Friedensstraße,https://www.familienbildung-friedensstrasse.de/kurssuche/kurs/Spielgruppe-f-dt-russisch-u-ukrainisch-sprechende-Eltern-u-Kinder-von-1-3-J/2602-2602,2026-09-10T18:06:55.864Z
2026-11-12_1600_turnen_und_toben_fur_gross_eltern_und_kinder_1_3_j_an_der_meerwiese_fbf_friedensstrasse_coerde,Turnen und Toben für (Groß-)Eltern und Kinder 1-3 J. An der Meerwiese,2026-11-12,16:00,2026-11-12,17:00,DRK Kita Meerwiese,"An der Meerwiese 11, 48157 Münster",Münster-Coerde,FamilienBildung Friedensstraße,Bildung / Familie / Stadtteil,scheduled,FamilienBildung Friedensstraße,https://www.familienbildung-friedensstrasse.de/kurssuche/kurs/Turnen-und-Toben-fuer-Gross-Eltern-und-Kinder-1-3-J-An-der-Meerwiese/2602-2752,2026-09-10T18:06:55.864Z
2026-11-12_1945_zumba_workout_fitness_fbf_friedensstrasse_coerde,Zumba® Workout Fitness,2026-11-12,19:45,2026-11-12,20:45,Begegnungszentrum Meerwiese/Saal,"An der Meerwiese 25, 48157 Münster",Münster-Coerde,FamilienBildung Friedensstraße,Bildung / Familie / Stadtteil,scheduled,FamilienBildung Friedensstraße,https://www.familienbildung-friedensstrasse.de/kurssuche/kurs/Zumba-Workout-Fitness/2606-6568,2026-09-10T18:06:55.864Z
2026-11-13_0915_deutsch_fur_migrantinnen_alltagsnah_deutsch_lernen_an_der_meerwiese_fbf_friedensstrasse_coerde,Deutsch für Migrantinnen - alltagsnah Deutsch lernen an der Meerwiese,2026-11-13,09:15,2026-11-13,12:00,Begegnungszentrum Meerwiese/Treff + Kreativ,,Münster-Coerde,FamilienBildung Friedensstraße,Bildung / Familie / Stadtteil,scheduled,FamilienBildung Friedensstraße,https://www.familienbildung-friedensstrasse.de/kurssuche/kurs/Deutsch-fuer-Migrantinnen-alltagsnah-Deutsch-lernen-an-der-Meerwiese/2604-4414,2026-09-10T18:06:55.864Z
2026-11-13_1500_zirkus_coerdini_kinderzirkus_aus_coerde_meerwiese_theater,Zirkus Coerdini – Kinderzirkus aus Coerde,2026-11-13,15:00,2026-11-13,17:00,Begegnungszentrum und Theater in der Meerwiese,An der Meerwiese 25,Münster-Coerde,Stadt Münster Veranstaltungskalender,Theater / Kultur / Tanz / Kinderkultur,scheduled,Stadt Münster Veranstaltungskalender,https://www.stadt-muenster.de/veranstaltungskalender/-/detail/3021/18573/zirkus-coerdini-kinderzirkus-aus-coerde,2026-09-10T18:06:55.864Z
2026-11-14_1500_zirkus_coerdini_kinderzirkus_aus_coerde_stadt_munster_veranstaltungskalender,Zirkus Coerdini – Kinderzirkus aus Coerde,2026-11-14,15:00,2026-11-14,17:00,,,Münster-Coerde,Stadt Münster Veranstaltungskalender,,scheduled,Stadt Münster Veranstaltungskalender,https://www.stadt-muenster.de/veranstaltungskalender/-/detail/3021/18574/zirkus-coerdini-kinderzirkus-aus-coerde,2026-09-10T18:06:55.864Z
2026-11-16_0930_yoga_fur_senior_innen_fbf_friedensstrasse_coerde,Yoga für Senior:innen,2026-11-16,09:30,2026-11-16,10:30,Begegnungszentrum Meerwiese/Saal,"An der Meerwiese 25, 48157 Münster",Münster-Coerde,FamilienBildung Friedensstraße,Bildung / Familie / Stadtteil,scheduled,FamilienBildung Friedensstraße,https://www.familienbildung-friedensstrasse.de/kurssuche/kurs/Yoga-fuer-Seniorinnen/2606-6018,2026-09-10T18:06:55.864Z
2026-11-16_1000_eltern_kind_waldspielgruppe_laufalter_bis_6_j_dyckburger_wald_fbf_friedensstrasse_coerde,Eltern-Kind-Waldspielgruppe Laufalter bis 6 J. Dyckburger Wald,2026-11-16,10:00,2026-11-16,11:30,Treffpunkt Parkplatz an der Dyckburgkirche,"Dyckburger Str. 224, 48157 Münster",Münster-Coerde,FamilienBildung Friedensstraße,Bildung / Familie / Stadtteil,scheduled,FamilienBildung Friedensstraße,https://www.familienbildung-friedensstrasse.de/kurssuche/kurs/Eltern-Kind-Waldspielgruppe-Laufalter-bis-6-J-Dyckburger-Wald/2602-2622,2026-09-10T18:06:55.864Z
2026-11-16_1000_griffbereit_mehrsprachige_eltern_kind_gruppe_von_1_3_j_fbf_friedensstrasse_coerde,Griffbereit - mehrsprachige Eltern-Kind-Gruppe von 1-3 J.,2026-11-16,10:00,2026-11-16,11:30,Begegnungszentrum Meerwiese/Treff/Eingang Nord,"An der Meerwiese 25, 48157 Münster",Münster-Coerde,FamilienBildung Friedensstraße,Bildung / Familie / Stadtteil,scheduled,FamilienBildung Friedensstraße,https://www.familienbildung-friedensstrasse.de/kurssuche/kurs/Griffbereit-mehrsprachige-Eltern-Kind-Gruppe-von-1-3-J/2602-2932,2026-09-10T18:06:55.864Z
2026-11-16_1300_pilates_in_coerde_fbf_friedensstrasse_coerde,Pilates in Coerde,2026-11-16,13:00,2026-11-16,14:00,Begegnungszentrum Meerwiese/Saal,"An der Meerwiese 25, 48157 Münster",Münster-Coerde,FamilienBildung Friedensstraße,Bildung / Familie / Stadtteil,scheduled,FamilienBildung Friedensstraße,https://www.familienbildung-friedensstrasse.de/kurssuche/kurs/Pilates-in-Coerde/2606-6506,2026-09-10T18:06:55.864Z
2026-11-16_1530_eltern_kind_waldspielgruppe_laufalter_bis_6_j_dyckburger_wald_fbf_friedensstrasse_coerde,Eltern-Kind-Waldspielgruppe Laufalter bis 6 J. Dyckburger Wald,2026-11-16,15:30,2026-11-16,17:00,Treffpunkt Parkplatz an der Dyckburgkirche,"Dyckburger Str. 224, 48157 Münster",Münster-Coerde,FamilienBildung Friedensstraße,Bildung / Familie / Stadtteil,scheduled,FamilienBildung Friedensstraße,https://www.familienbildung-friedensstrasse.de/kurssuche/kurs/Eltern-Kind-Waldspielgruppe-Laufalter-bis-6-J-Dyckburger-Wald/2602-2637,2026-09-10T18:06:55.864Z
2026-11-16_1730_pilates_in_coerde_fbf_friedensstrasse_coerde,Pilates in Coerde,2026-11-16,17:30,2026-11-16,18:30,Begegnungszentrum Meerwiese/Saal,"An der Meerwiese 25, 48157 Münster",Münster-Coerde,FamilienBildung Friedensstraße,Bildung / Familie / Stadtteil,scheduled,FamilienBildung Friedensstraße,https://www.familienbildung-friedensstrasse.de/kurssuche/kurs/Pilates-in-Coerde/2606-6514,2026-09-10T18:06:55.864Z
2026-11-16_1830_pilates_in_coerde_fbf_friedensstrasse_coerde,Pilates in Coerde,2026-11-16,18:30,2026-11-16,19:30,Begegnungszentrum Meerwiese/Saal,"An der Meerwiese 25, 48157 Münster",Münster-Coerde,FamilienBildung Friedensstraße,Bildung / Familie / Stadtteil,scheduled,FamilienBildung Friedensstraße,https://www.familienbildung-friedensstrasse.de/kurssuche/kurs/Pilates-in-Coerde/2606-6522,2026-09-10T18:06:55.864Z
2026-11-16_1945_gesellschaftstanze_fur_fortgeschrittene_anfanger_innen_fbf_friedensstrasse_coerde,Gesellschaftstänze für fortgeschrittene Anfänger:innen,2026-11-16,19:45,2026-11-16,21:15,Begegnungszentrum Meerwiese/Saal,"An der Meerwiese 25, 48157 Münster",Münster-Coerde,FamilienBildung Friedensstraße,Bildung / Familie / Stadtteil,scheduled,FamilienBildung Friedensstraße,https://www.familienbildung-friedensstrasse.de/kurssuche/kurs/Gesellschaftstaenze-fuer-fortgeschrittene-Anfaengerinnen/2606-6618,2026-09-10T18:06:55.864Z
2026-11-17_0915_deutsch_fur_migrantinnen_alltagsnah_deutsch_lernen_im_stadtteilburo_fbf_friedensstrasse_coerde,Deutsch für Migrantinnen - alltagsnah Deutsch lernen im Stadtteilbüro,2026-11-17,09:15,2026-11-17,12:00,Stadtteilbüro Coerde der AWO,"Nerzweg 9, 48157 Münster",Münster-Coerde,FamilienBildung Friedensstraße,Bildung / Familie / Stadtteil,scheduled,FamilienBildung Friedensstraße,https://www.familienbildung-friedensstrasse.de/kurssuche/kurs/Deutsch-fuer-Migrantinnen-alltagsnah-Deutsch-lernen-im-Stadtteilbuero/2604-4410,2026-09-10T18:06:55.864Z
2026-11-17_0930_sure_start_die_babyspielstunde_coerde_fbf_friedensstrasse_coerde,Sure Start - Die Babyspielstunde Coerde,2026-11-17,09:30,2026-11-17,12:30,Begegnungszentrum Meerwiese/Treff + Kreativ,,Münster-Coerde,FamilienBildung Friedensstraße,Bildung / Familie / Stadtteil,scheduled,FamilienBildung Friedensstraße,https://www.familienbildung-friedensstrasse.de/kurssuche/kurs/Sure-Start-Die-Babyspielstunde-Coerde/2602-2402,2026-09-10T18:06:55.864Z
2026-11-17_1600_deutsch_fur_migrant_innen_alltagsnah_deutsch_lernen_im_coerde_mittendrin_fbf_friedensstrasse_coerde,Deutsch für Migrant:innen - alltagsnah Deutsch lernen im coerde mittendrin,2026-11-17,16:00,2026-11-17,18:00,coerde mittendrin,"Königsberger Str. 8, 48157 Münster",Münster-Coerde,FamilienBildung Friedensstraße,Bildung / Familie / Stadtteil,scheduled,FamilienBildung Friedensstraße,https://www.familienbildung-friedensstrasse.de/kurssuche/kurs/Deutsch-fuer-Migrantinnen-alltagsnah-Deutsch-lernen-im-coerde-mittendrin/2604-4418,2026-09-10T18:06:55.864Z
2026-11-17_1755_nia_fitness_mit_groove_fbf_friedensstrasse_coerde,Nia® – Fitness mit Groove,2026-11-17,17:55,2026-11-17,18:55,Begegnungszentrum Meerwiese/Saal,"An der Meerwiese 25, 48157 Münster",Münster-Coerde,FamilienBildung Friedensstraße,Bildung / Familie / Stadtteil,scheduled,FamilienBildung Friedensstraße,https://www.familienbildung-friedensstrasse.de/kurssuche/kurs/Nia-Fitness-mit-Groove/2606-6574,2026-09-10T18:06:55.864Z
2026-11-17_1900_malen_mit_aquarell_und_acrylfarben_fbf_friedensstrasse_coerde,Malen mit Aquarell- und Acrylfarben,2026-11-17,19:00,2026-11-17,21:15,Begegnungszentrum Meerwiese/Treff,,Münster-Coerde,FamilienBildung Friedensstraße,Bildung / Familie / Stadtteil,scheduled,FamilienBildung Friedensstraße,https://www.familienbildung-friedensstrasse.de/kurssuche/kurs/Malen-mit-Aquarell--und-Acrylfarben/2608-8033,2026-09-10T18:06:55.864Z
2026-11-17_1915_gesellschaftstanze_fur_paare_fur_fortgeschrittene_ii_fbf_friedensstrasse_coerde,Gesellschaftstänze für Paare – für Fortgeschrittene II,2026-11-17,19:15,2026-11-17,20:15,Begegnungszentrum Meerwiese/Saal,"An der Meerwiese 25, 48157 Münster",Münster-Coerde,FamilienBildung Friedensstraße,Bildung / Familie / Stadtteil,scheduled,FamilienBildung Friedensstraße,https://www.familienbildung-friedensstrasse.de/kurssuche/kurs/Gesellschaftstaenze-fuer-Paare-fuer-Fortgeschrittene-II/2606-6612,2026-09-10T18:06:55.864Z
2026-11-17_2015_gesellschaftstanze_fur_paare_fur_fortgeschrittene_i_fbf_friedensstrasse_coerde,Gesellschaftstänze für Paare – für Fortgeschrittene I,2026-11-17,20:15,2026-11-17,21:15,Begegnungszentrum Meerwiese/Saal,"An der Meerwiese 25, 48157 Münster",Münster-Coerde,FamilienBildung Friedensstraße,Bildung / Familie / Stadtteil,scheduled,FamilienBildung Friedensstraße,https://www.familienbildung-friedensstrasse.de/kurssuche/kurs/Gesellschaftstaenze-fuer-Paare-fuer-Fortgeschrittene-I/2606-6606,2026-09-10T18:06:55.864Z
2026-11-18_0930_qi_gong_energie_fur_den_tag_fbf_friedensstrasse_coerde,Qi Gong - Energie für den Tag,2026-11-18,09:30,2026-11-18,11:00,Begegnungszentrum Meerwiese/Saal,"An der Meerwiese 25, 48157 Münster",Münster-Coerde,FamilienBildung Friedensstraße,Bildung / Familie / Stadtteil,scheduled,FamilienBildung Friedensstraße,https://www.familienbildung-friedensstrasse.de/kurssuche/kurs/Qi-Gong-Energie-fuer-den-Tag/2606-6258,2026-09-10T18:06:55.864Z
2026-11-18_1400_sure_start_plus_die_familienspielstunde_coerde_fbf_friedensstrasse_coerde,Sure Start Plus - Die Familienspielstunde Coerde,2026-11-18,14:00,2026-11-18,17:00,Kita Wertvoll,"Kiesekampweg 8, Münster",Münster-Coerde,FamilienBildung Friedensstraße,Bildung / Familie / Stadtteil,scheduled,FamilienBildung Friedensstraße,https://www.familienbildung-friedensstrasse.de/kurssuche/kurs/Sure-Start-Plus-Die-Familienspielstunde-Coerde/2602-2912,2026-09-10T18:06:55.864Z
2026-11-18_1430_lernspielgruppe_fur_eltern_und_kinder_in_der_kitazeit_fbf_friedensstrasse_coerde,Lernspielgruppe für Eltern und Kinder in der Kitazeit,2026-11-18,14:30,2026-11-18,17:30,Begegnungszentrum Meerwiese/Kreativ,,Münster-Coerde,FamilienBildung Friedensstraße,Bildung / Familie / Stadtteil,scheduled,FamilienBildung Friedensstraße,https://www.familienbildung-friedensstrasse.de/kurssuche/kurs/Lernspielgruppe-fuer-Eltern-und-Kinder-in-der-Kitazeit/2602-2922,2026-09-10T18:06:55.864Z
2026-11-18_1545_eltern_kind_waldspielgruppe_laufalter_bis_6_j_dyckburger_wald_fbf_friedensstrasse_coerde,Eltern-Kind-Waldspielgruppe Laufalter bis 6 J. Dyckburger Wald,2026-11-18,15:45,2026-11-18,17:15,Treffpunkt Parkplatz an der Dyckburgkirche,"Dyckburger Str. 224, 48157 Münster",Münster-Coerde,FamilienBildung Friedensstraße,Bildung / Familie / Stadtteil,scheduled,FamilienBildung Friedensstraße,https://www.familienbildung-friedensstrasse.de/kurssuche/kurs/Eltern-Kind-Waldspielgruppe-Laufalter-bis-6-J-Dyckburger-Wald/2602-2632,2026-09-10T18:06:55.864Z
2026-11-18_1830_yoga_an_der_meerwiese_fbf_friedensstrasse_coerde,Yoga An der Meerwiese,2026-11-18,18:30,2026-11-18,20:00,DRK Kita Meerwiese,"An der Meerwiese 11, 48157 Münster",Münster-Coerde,FamilienBildung Friedensstraße,Bildung / Familie / Stadtteil,scheduled,FamilienBildung Friedensstraße,https://www.familienbildung-friedensstrasse.de/kurssuche/kurs/Yoga-An-der-Meerwiese/2606-6058,2026-09-10T18:06:55.864Z
2026-11-19_0930_sure_start_die_babyspielstunde_coerde_fbf_friedensstrasse_coerde,Sure Start - Die Babyspielstunde Coerde,2026-11-19,09:30,2026-11-19,12:30,Begegnungszentrum Meerwiese,"An der Meerwiese 25, 48157 Münster",Münster-Coerde,FamilienBildung Friedensstraße,Bildung / Familie / Stadtteil,scheduled,FamilienBildung Friedensstraße,https://www.familienbildung-friedensstrasse.de/kurssuche/kurs/Sure-Start-Die-Babyspielstunde-Coerde/2602-2422,2026-09-10T18:06:55.864Z
2026-11-19_1430_komm_wir_sprechen_deutsch_fbf_friedensstrasse_coerde,"Komm, wir sprechen deutsch!",2026-11-19,14:30,2026-11-19,16:00,coerde mittendrin,"Königsberger Str. 8, 48157 Münster",Münster-Coerde,FamilienBildung Friedensstraße,Bildung / Familie / Stadtteil,scheduled,FamilienBildung Friedensstraße,https://www.familienbildung-friedensstrasse.de/kurssuche/kurs/Komm-wir-sprechen-deutsch/2604-4402,2026-09-10T18:06:55.864Z
2026-11-19_1430_praktische_ernahrungsbildung_fur_eltern_mit_ihren_kindern_ab_3_jahren_fbf_friedensstrasse_coerde,Praktische Ernährungsbildung für Eltern mit ihren Kindern ab 3 Jahren,2026-11-19,14:30,2026-11-19,16:45,Kita Wertvoll,"Kiesekampweg 8, Münster",Münster-Coerde,FamilienBildung Friedensstraße,Bildung / Familie / Stadtteil,scheduled,FamilienBildung Friedensstraße,https://www.familienbildung-friedensstrasse.de/kurssuche/kurs/Praktische-Ernaehrungsbildung-fuer-Eltern-mit-ihren-Kindern-ab-3-Jahren/2602-2938,2026-09-10T18:06:55.864Z
2026-11-19_1530_spielgruppe_fur_deutsch_russisch_und_ukrainisch_sprechende_eltern_und_kinder_von_fbf_friedensstrasse_coerde,Spielgruppe für deutsch-russisch und -ukrainisch sprechende Eltern und Kinder von 1-3 J.,2026-11-19,15:30,2026-11-19,17:00,Begegnungszentrum Meerwiese,"An der Meerwiese 25, 48157 Münster",Münster-Coerde,FamilienBildung Friedensstraße,Bildung / Familie / Stadtteil,scheduled,FamilienBildung Friedensstraße,https://www.familienbildung-friedensstrasse.de/kurssuche/kurs/Spielgruppe-f-dt-russisch-u-ukrainisch-sprechende-Eltern-u-Kinder-von-1-3-J/2602-2602,2026-09-10T18:06:55.864Z
2026-11-19_1600_turnen_und_toben_fur_gross_eltern_und_kinder_1_3_j_an_der_meerwiese_fbf_friedensstrasse_coerde,Turnen und Toben für (Groß-)Eltern und Kinder 1-3 J. An der Meerwiese,2026-11-19,16:00,2026-11-19,17:00,DRK Kita Meerwiese,"An der Meerwiese 11, 48157 Münster",Münster-Coerde,FamilienBildung Friedensstraße,Bildung / Familie / Stadtteil,scheduled,FamilienBildung Friedensstraße,https://www.familienbildung-friedensstrasse.de/kurssuche/kurs/Turnen-und-Toben-fuer-Gross-Eltern-und-Kinder-1-3-J-An-der-Meerwiese/2602-2752,2026-09-10T18:06:55.864Z
2026-11-19_1945_zumba_workout_fitness_fbf_friedensstrasse_coerde,Zumba® Workout Fitness,2026-11-19,19:45,2026-11-19,20:45,Begegnungszentrum Meerwiese/Saal,"An der Meerwiese 25, 48157 Münster",Münster-Coerde,FamilienBildung Friedensstraße,Bildung / Familie / Stadtteil,scheduled,FamilienBildung Friedensstraße,https://www.familienbildung-friedensstrasse.de/kurssuche/kurs/Zumba-Workout-Fitness/2606-6568,2026-09-10T18:06:55.864Z
2026-11-20_0915_deutsch_fur_migrantinnen_alltagsnah_deutsch_lernen_an_der_meerwiese_fbf_friedensstrasse_coerde,Deutsch für Migrantinnen - alltagsnah Deutsch lernen an der Meerwiese,2026-11-20,09:15,2026-11-20,12:00,Begegnungszentrum Meerwiese/Treff + Kreativ,,Münster-Coerde,FamilienBildung Friedensstraße,Bildung / Familie / Stadtteil,scheduled,FamilienBildung Friedensstraße,https://www.familienbildung-friedensstrasse.de/kurssuche/kurs/Deutsch-fuer-Migrantinnen-alltagsnah-Deutsch-lernen-an-der-Meerwiese/2604-4414,2026-09-10T18:06:55.864Z
2026-11-20_1015_lesen_mit_kleinen_wesen_stadtbuecherei_coerde,Lesen mit kleinen Wesen,2026-11-20,10:15,2026-11-20,,Stadtteilbücherei Coerde,,Münster-Coerde,Stadtbücherei Münster,Lesung / Bildung / Stadtteil,scheduled,Stadt Münster Veranstaltungskalender,https://www.stadt-muenster.de/veranstaltungskalender/-/detail/1028/4667/lesen-mit-kleinen-wesen,2026-09-10T18:06:55.864Z
2026-11-21_1400_ost_europa_seminar_patriotismus_und_demokratie_leitung_joachim_wieder_meerwiese_theater,Ost-Europa-Seminar: Patriotismus und Demokratie – Leitung: Joachim Wieder,2026-11-21,14:00,2026-11-21,19:00,Begegnungszentrum und Theater in der Meerwiese,An der Meerwiese 25,Münster-Coerde,Stadt Münster Veranstaltungskalender,Theater / Kultur / Tanz / Kinderkultur,scheduled,Stadt Münster Veranstaltungskalender,https://www.stadt-muenster.de/veranstaltungskalender/-/detail/3022/18575/ost-europa-seminar-patriotismus-und-demokratie-leitung-joachim-wieder,2026-09-10T18:06:55.864Z
2026-11-22_1500_24_winterpunsch_fiesta_echtzeit_theater_aus_munster_meerwiese_theater,24. WINTERPUNSCH: FIESTA – echtzeit-theater aus Münster,2026-11-22,15:00,2026-11-22,16:00,Begegnungszentrum und Theater in der Meerwiese,An der Meerwiese 25,Münster-Coerde,Stadt Münster Veranstaltungskalender,Theater / Kultur / Tanz / Kinderkultur,scheduled,Stadt Münster Veranstaltungskalender,https://www.stadt-muenster.de/veranstaltungskalender/-/detail/3023/18577/24-winterpunsch-fiesta-echtzeit-theater-aus-muenster,2026-09-10T18:06:55.864Z
2026-11-23_0930_yoga_fur_senior_innen_fbf_friedensstrasse_coerde,Yoga für Senior:innen,2026-11-23,09:30,2026-11-23,10:30,Begegnungszentrum Meerwiese/Saal,"An der Meerwiese 25, 48157 Münster",Münster-Coerde,FamilienBildung Friedensstraße,Bildung / Familie / Stadtteil,scheduled,FamilienBildung Friedensstraße,https://www.familienbildung-friedensstrasse.de/kurssuche/kurs/Yoga-fuer-Seniorinnen/2606-6018,2026-09-10T18:06:55.864Z
2026-11-23_1000_eltern_kind_waldspielgruppe_laufalter_bis_6_j_dyckburger_wald_fbf_friedensstrasse_coerde,Eltern-Kind-Waldspielgruppe Laufalter bis 6 J. Dyckburger Wald,2026-11-23,10:00,2026-11-23,11:30,Treffpunkt Parkplatz an der Dyckburgkirche,"Dyckburger Str. 224, 48157 Münster",Münster-Coerde,FamilienBildung Friedensstraße,Bildung / Familie / Stadtteil,scheduled,FamilienBildung Friedensstraße,https://www.familienbildung-friedensstrasse.de/kurssuche/kurs/Eltern-Kind-Waldspielgruppe-Laufalter-bis-6-J-Dyckburger-Wald/2602-2622,2026-09-10T18:06:55.864Z
2026-11-23_1000_griffbereit_mehrsprachige_eltern_kind_gruppe_von_1_3_j_fbf_friedensstrasse_coerde,Griffbereit - mehrsprachige Eltern-Kind-Gruppe von 1-3 J.,2026-11-23,10:00,2026-11-23,11:30,Begegnungszentrum Meerwiese/Treff/Eingang Nord,"An der Meerwiese 25, 48157 Münster",Münster-Coerde,FamilienBildung Friedensstraße,Bildung / Familie / Stadtteil,scheduled,FamilienBildung Friedensstraße,https://www.familienbildung-friedensstrasse.de/kurssuche/kurs/Griffbereit-mehrsprachige-Eltern-Kind-Gruppe-von-1-3-J/2602-2932,2026-09-10T18:06:55.864Z
2026-11-23_1300_pilates_in_coerde_fbf_friedensstrasse_coerde,Pilates in Coerde,2026-11-23,13:00,2026-11-23,14:00,Begegnungszentrum Meerwiese/Saal,"An der Meerwiese 25, 48157 Münster",Münster-Coerde,FamilienBildung Friedensstraße,Bildung / Familie / Stadtteil,scheduled,FamilienBildung Friedensstraße,https://www.familienbildung-friedensstrasse.de/kurssuche/kurs/Pilates-in-Coerde/2606-6506,2026-09-10T18:06:55.864Z
2026-11-23_1530_eltern_kind_waldspielgruppe_laufalter_bis_6_j_dyckburger_wald_fbf_friedensstrasse_coerde,Eltern-Kind-Waldspielgruppe Laufalter bis 6 J. Dyckburger Wald,2026-11-23,15:30,2026-11-23,17:00,Treffpunkt Parkplatz an der Dyckburgkirche,"Dyckburger Str. 224, 48157 Münster",Münster-Coerde,FamilienBildung Friedensstraße,Bildung / Familie / Stadtteil,scheduled,FamilienBildung Friedensstraße,https://www.familienbildung-friedensstrasse.de/kurssuche/kurs/Eltern-Kind-Waldspielgruppe-Laufalter-bis-6-J-Dyckburger-Wald/2602-2637,2026-09-10T18:06:55.864Z
2026-11-23_1730_pilates_in_coerde_fbf_friedensstrasse_coerde,Pilates in Coerde,2026-11-23,17:30,2026-11-23,18:30,Begegnungszentrum Meerwiese/Saal,"An der Meerwiese 25, 48157 Münster",Münster-Coerde,FamilienBildung Friedensstraße,Bildung / Familie / Stadtteil,scheduled,FamilienBildung Friedensstraße,https://www.familienbildung-friedensstrasse.de/kurssuche/kurs/Pilates-in-Coerde/2606-6514,2026-09-10T18:06:55.864Z
2026-11-23_1830_pilates_in_coerde_fbf_friedensstrasse_coerde,Pilates in Coerde,2026-11-23,18:30,2026-11-23,19:30,Begegnungszentrum Meerwiese/Saal,"An der Meerwiese 25, 48157 Münster",Münster-Coerde,FamilienBildung Friedensstraße,Bildung / Familie / Stadtteil,scheduled,FamilienBildung Friedensstraße,https://www.familienbildung-friedensstrasse.de/kurssuche/kurs/Pilates-in-Coerde/2606-6522,2026-09-10T18:06:55.864Z
2026-11-23_1945_gesellschaftstanze_fur_fortgeschrittene_anfanger_innen_fbf_friedensstrasse_coerde,Gesellschaftstänze für fortgeschrittene Anfänger:innen,2026-11-23,19:45,2026-11-23,21:15,Begegnungszentrum Meerwiese/Saal,"An der Meerwiese 25, 48157 Münster",Münster-Coerde,FamilienBildung Friedensstraße,Bildung / Familie / Stadtteil,scheduled,FamilienBildung Friedensstraße,https://www.familienbildung-friedensstrasse.de/kurssuche/kurs/Gesellschaftstaenze-fuer-fortgeschrittene-Anfaengerinnen/2606-6618,2026-09-10T18:06:55.864Z
2026-11-24_0915_deutsch_fur_migrantinnen_alltagsnah_deutsch_lernen_im_stadtteilburo_fbf_friedensstrasse_coerde,Deutsch für Migrantinnen - alltagsnah Deutsch lernen im Stadtteilbüro,2026-11-24,09:15,2026-11-24,12:00,Stadtteilbüro Coerde der AWO,"Nerzweg 9, 48157 Münster",Münster-Coerde,FamilienBildung Friedensstraße,Bildung / Familie / Stadtteil,scheduled,FamilienBildung Friedensstraße,https://www.familienbildung-friedensstrasse.de/kurssuche/kurs/Deutsch-fuer-Migrantinnen-alltagsnah-Deutsch-lernen-im-Stadtteilbuero/2604-4410,2026-09-10T18:06:55.864Z
2026-11-24_0930_sure_start_die_babyspielstunde_coerde_fbf_friedensstrasse_coerde,Sure Start - Die Babyspielstunde Coerde,2026-11-24,09:30,2026-11-24,12:30,Begegnungszentrum Meerwiese/Treff + Kreativ,,Münster-Coerde,FamilienBildung Friedensstraße,Bildung / Familie / Stadtteil,scheduled,FamilienBildung Friedensstraße,https://www.familienbildung-friedensstrasse.de/kurssuche/kurs/Sure-Start-Die-Babyspielstunde-Coerde/2602-2402,2026-09-10T18:06:55.864Z
2026-11-24_1000_24_winterpunsch_fiesta_echtzeit_theater_aus_munster_meerwiese_theater,24. WINTERPUNSCH: FIESTA – echtzeit-theater aus Münster,2026-11-24,10:00,2026-11-24,11:00,Begegnungszentrum und Theater in der Meerwiese,An der Meerwiese 25,Münster-Coerde,Stadt Münster Veranstaltungskalender,Theater / Kultur / Tanz / Kinderkultur,scheduled,Stadt Münster Veranstaltungskalender,https://www.stadt-muenster.de/veranstaltungskalender/-/detail/3023/18578/24-winterpunsch-fiesta-echtzeit-theater-aus-muenster,2026-09-10T18:06:55.864Z
2026-11-24_1600_deutsch_fur_migrant_innen_alltagsnah_deutsch_lernen_im_coerde_mittendrin_fbf_friedensstrasse_coerde,Deutsch für Migrant:innen - alltagsnah Deutsch lernen im coerde mittendrin,2026-11-24,16:00,2026-11-24,18:00,coerde mittendrin,"Königsberger Str. 8, 48157 Münster",Münster-Coerde,FamilienBildung Friedensstraße,Bildung / Familie / Stadtteil,scheduled,FamilienBildung Friedensstraße,https://www.familienbildung-friedensstrasse.de/kurssuche/kurs/Deutsch-fuer-Migrantinnen-alltagsnah-Deutsch-lernen-im-coerde-mittendrin/2604-4418,2026-09-10T18:06:55.864Z
2026-11-24_1900_malen_mit_aquarell_und_acrylfarben_fbf_friedensstrasse_coerde,Malen mit Aquarell- und Acrylfarben,2026-11-24,19:00,2026-11-24,21:15,Begegnungszentrum Meerwiese/Treff,,Münster-Coerde,FamilienBildung Friedensstraße,Bildung / Familie / Stadtteil,scheduled,FamilienBildung Friedensstraße,https://www.familienbildung-friedensstrasse.de/kurssuche/kurs/Malen-mit-Aquarell--und-Acrylfarben/2608-8033,2026-09-10T18:06:55.864Z
2026-11-24_1915_gesellschaftstanze_fur_paare_fur_fortgeschrittene_ii_fbf_friedensstrasse_coerde,Gesellschaftstänze für Paare – für Fortgeschrittene II,2026-11-24,19:15,2026-11-24,20:15,Begegnungszentrum Meerwiese/Saal,"An der Meerwiese 25, 48157 Münster",Münster-Coerde,FamilienBildung Friedensstraße,Bildung / Familie / Stadtteil,scheduled,FamilienBildung Friedensstraße,https://www.familienbildung-friedensstrasse.de/kurssuche/kurs/Gesellschaftstaenze-fuer-Paare-fuer-Fortgeschrittene-II/2606-6612,2026-09-10T18:06:55.864Z
2026-11-24_2015_gesellschaftstanze_fur_paare_fur_fortgeschrittene_i_fbf_friedensstrasse_coerde,Gesellschaftstänze für Paare – für Fortgeschrittene I,2026-11-24,20:15,2026-11-24,21:15,Begegnungszentrum Meerwiese/Saal,"An der Meerwiese 25, 48157 Münster",Münster-Coerde,FamilienBildung Friedensstraße,Bildung / Familie / Stadtteil,scheduled,FamilienBildung Friedensstraße,https://www.familienbildung-friedensstrasse.de/kurssuche/kurs/Gesellschaftstaenze-fuer-Paare-fuer-Fortgeschrittene-I/2606-6606,2026-09-10T18:06:55.864Z
2026-11-25_0930_qi_gong_energie_fur_den_tag_fbf_friedensstrasse_coerde,Qi Gong - Energie für den Tag,2026-11-25,09:30,2026-11-25,11:00,Begegnungszentrum Meerwiese/Saal,"An der Meerwiese 25, 48157 Münster",Münster-Coerde,FamilienBildung Friedensstraße,Bildung / Familie / Stadtteil,scheduled,FamilienBildung Friedensstraße,https://www.familienbildung-friedensstrasse.de/kurssuche/kurs/Qi-Gong-Energie-fuer-den-Tag/2606-6258,2026-09-10T18:06:55.864Z
2026-11-25_1000_24_winterpunsch_fiesta_echtzeit_theater_aus_munster_meerwiese_theater,24. WINTERPUNSCH: FIESTA – echtzeit-theater aus Münster,2026-11-25,10:00,2026-11-25,11:00,Begegnungszentrum und Theater in der Meerwiese,An der Meerwiese 25,Münster-Coerde,Stadt Münster Veranstaltungskalender,Theater / Kultur / Tanz / Kinderkultur,scheduled,Stadt Münster Veranstaltungskalender,https://www.stadt-muenster.de/veranstaltungskalender/-/detail/3023/18579/24-winterpunsch-fiesta-echtzeit-theater-aus-muenster,2026-09-10T18:06:55.864Z
2026-11-25_1400_sure_start_plus_die_familienspielstunde_coerde_fbf_friedensstrasse_coerde,Sure Start Plus - Die Familienspielstunde Coerde,2026-11-25,14:00,2026-11-25,17:00,Kita Wertvoll,"Kiesekampweg 8, Münster",Münster-Coerde,FamilienBildung Friedensstraße,Bildung / Familie / Stadtteil,scheduled,FamilienBildung Friedensstraße,https://www.familienbildung-friedensstrasse.de/kurssuche/kurs/Sure-Start-Plus-Die-Familienspielstunde-Coerde/2602-2912,2026-09-10T18:06:55.864Z
2026-11-25_1430_lernspielgruppe_fur_eltern_und_kinder_in_der_kitazeit_fbf_friedensstrasse_coerde,Lernspielgruppe für Eltern und Kinder in der Kitazeit,2026-11-25,14:30,2026-11-25,17:30,Begegnungszentrum Meerwiese/Kreativ,,Münster-Coerde,FamilienBildung Friedensstraße,Bildung / Familie / Stadtteil,scheduled,FamilienBildung Friedensstraße,https://www.familienbildung-friedensstrasse.de/kurssuche/kurs/Lernspielgruppe-fuer-Eltern-und-Kinder-in-der-Kitazeit/2602-2922,2026-09-10T18:06:55.864Z
2026-11-25_1545_eltern_kind_waldspielgruppe_laufalter_bis_6_j_dyckburger_wald_fbf_friedensstrasse_coerde,Eltern-Kind-Waldspielgruppe Laufalter bis 6 J. Dyckburger Wald,2026-11-25,15:45,2026-11-25,17:15,Treffpunkt Parkplatz an der Dyckburgkirche,"Dyckburger Str. 224, 48157 Münster",Münster-Coerde,FamilienBildung Friedensstraße,Bildung / Familie / Stadtteil,scheduled,FamilienBildung Friedensstraße,https://www.familienbildung-friedensstrasse.de/kurssuche/kurs/Eltern-Kind-Waldspielgruppe-Laufalter-bis-6-J-Dyckburger-Wald/2602-2632,2026-09-10T18:06:55.864Z
2026-11-25_1830_yoga_an_der_meerwiese_fbf_friedensstrasse_coerde,Yoga An der Meerwiese,2026-11-25,18:30,2026-11-25,20:00,DRK Kita Meerwiese,"An der Meerwiese 11, 48157 Münster",Münster-Coerde,FamilienBildung Friedensstraße,Bildung / Familie / Stadtteil,scheduled,FamilienBildung Friedensstraße,https://www.familienbildung-friedensstrasse.de/kurssuche/kurs/Yoga-An-der-Meerwiese/2606-6058,2026-09-10T18:06:55.864Z
2026-11-26_0930_sure_start_die_babyspielstunde_coerde_fbf_friedensstrasse_coerde,Sure Start - Die Babyspielstunde Coerde,2026-11-26,09:30,2026-11-26,12:30,Begegnungszentrum Meerwiese,"An der Meerwiese 25, 48157 Münster",Münster-Coerde,FamilienBildung Friedensstraße,Bildung / Familie / Stadtteil,scheduled,FamilienBildung Friedensstraße,https://www.familienbildung-friedensstrasse.de/kurssuche/kurs/Sure-Start-Die-Babyspielstunde-Coerde/2602-2422,2026-09-10T18:06:55.864Z
2026-11-26_1000_24_winterpunsch_fiesta_echtzeit_theater_aus_munster_meerwiese_theater,24. WINTERPUNSCH: FIESTA – echtzeit-theater aus Münster,2026-11-26,10:00,2026-11-26,11:00,Begegnungszentrum und Theater in der Meerwiese,An der Meerwiese 25,Münster-Coerde,Stadt Münster Veranstaltungskalender,Theater / Kultur / Tanz / Kinderkultur,scheduled,Stadt Münster Veranstaltungskalender,https://www.stadt-muenster.de/veranstaltungskalender/-/detail/3023/18580/24-winterpunsch-fiesta-echtzeit-theater-aus-muenster,2026-09-10T18:06:55.864Z
2026-11-26_1430_komm_wir_sprechen_deutsch_fbf_friedensstrasse_coerde,"Komm, wir sprechen deutsch!",2026-11-26,14:30,2026-11-26,16:00,coerde mittendrin,"Königsberger Str. 8, 48157 Münster",Münster-Coerde,FamilienBildung Friedensstraße,Bildung / Familie / Stadtteil,scheduled,FamilienBildung Friedensstraße,https://www.familienbildung-friedensstrasse.de/kurssuche/kurs/Komm-wir-sprechen-deutsch/2604-4402,2026-09-10T18:06:55.864Z
2026-11-26_1430_praktische_ernahrungsbildung_fur_eltern_mit_ihren_kindern_ab_3_jahren_fbf_friedensstrasse_coerde,Praktische Ernährungsbildung für Eltern mit ihren Kindern ab 3 Jahren,2026-11-26,14:30,2026-11-26,16:45,Kita Wertvoll,"Kiesekampweg 8, Münster",Münster-Coerde,FamilienBildung Friedensstraße,Bildung / Familie / Stadtteil,scheduled,FamilienBildung Friedensstraße,https://www.familienbildung-friedensstrasse.de/kurssuche/kurs/Praktische-Ernaehrungsbildung-fuer-Eltern-mit-ihren-Kindern-ab-3-Jahren/2602-2938,2026-09-10T18:06:55.864Z
2026-11-26_1530_spielgruppe_fur_deutsch_russisch_und_ukrainisch_sprechende_eltern_und_kinder_von_fbf_friedensstrasse_coerde,Spielgruppe für deutsch-russisch und -ukrainisch sprechende Eltern und Kinder von 1-3 J.,2026-11-26,15:30,2026-11-26,17:00,Begegnungszentrum Meerwiese,"An der Meerwiese 25, 48157 Münster",Münster-Coerde,FamilienBildung Friedensstraße,Bildung / Familie / Stadtteil,scheduled,FamilienBildung Friedensstraße,https://www.familienbildung-friedensstrasse.de/kurssuche/kurs/Spielgruppe-f-dt-russisch-u-ukrainisch-sprechende-Eltern-u-Kinder-von-1-3-J/2602-2602,2026-09-10T18:06:55.864Z
2026-11-26_1600_turnen_und_toben_fur_gross_eltern_und_kinder_1_3_j_an_der_meerwiese_fbf_friedensstrasse_coerde,Turnen und Toben für (Groß-)Eltern und Kinder 1-3 J. An der Meerwiese,2026-11-26,16:00,2026-11-26,17:00,DRK Kita Meerwiese,"An der Meerwiese 11, 48157 Münster",Münster-Coerde,FamilienBildung Friedensstraße,Bildung / Familie / Stadtteil,scheduled,FamilienBildung Friedensstraße,https://www.familienbildung-friedensstrasse.de/kurssuche/kurs/Turnen-und-Toben-fuer-Gross-Eltern-und-Kinder-1-3-J-An-der-Meerwiese/2602-2752,2026-09-10T18:06:55.864Z
2026-11-26_1945_zumba_workout_fitness_fbf_friedensstrasse_coerde,Zumba® Workout Fitness,2026-11-26,19:45,2026-11-26,20:45,Begegnungszentrum Meerwiese/Saal,"An der Meerwiese 25, 48157 Münster",Münster-Coerde,FamilienBildung Friedensstraße,Bildung / Familie / Stadtteil,scheduled,FamilienBildung Friedensstraße,https://www.familienbildung-friedensstrasse.de/kurssuche/kurs/Zumba-Workout-Fitness/2606-6568,2026-09-10T18:06:55.864Z
2026-11-27_0915_deutsch_fur_migrantinnen_alltagsnah_deutsch_lernen_an_der_meerwiese_fbf_friedensstrasse_coerde,Deutsch für Migrantinnen - alltagsnah Deutsch lernen an der Meerwiese,2026-11-27,09:15,2026-11-27,12:00,Begegnungszentrum Meerwiese/Treff + Kreativ,,Münster-Coerde,FamilienBildung Friedensstraße,Bildung / Familie / Stadtteil,scheduled,FamilienBildung Friedensstraße,https://www.familienbildung-friedensstrasse.de/kurssuche/kurs/Deutsch-fuer-Migrantinnen-alltagsnah-Deutsch-lernen-an-der-Meerwiese/2604-4414,2026-09-10T18:06:55.864Z
2026-11-28_1200_qi_gong_seminar_meditation_leitung_volker_nowak_von_der_way_meerwiese_theater,Qi Gong – Seminar: Meditation – Leitung: Volker Nowak-von der Way,2026-11-28,12:00,2026-11-28,19:00,Begegnungszentrum und Theater in der Meerwiese,An der Meerwiese 25,Münster-Coerde,Stadt Münster Veranstaltungskalender,Theater / Kultur / Tanz / Kinderkultur,scheduled,Stadt Münster Veranstaltungskalender,https://www.stadt-muenster.de/veranstaltungskalender/-/detail/3024/18581/qi-gong-seminar-meditation-leitung-volker-nowak-von-der-way,2026-09-10T18:06:55.864Z
2026-11-30_0930_yoga_fur_senior_innen_fbf_friedensstrasse_coerde,Yoga für Senior:innen,2026-11-30,09:30,2026-11-30,10:30,Begegnungszentrum Meerwiese/Saal,"An der Meerwiese 25, 48157 Münster",Münster-Coerde,FamilienBildung Friedensstraße,Bildung / Familie / Stadtteil,scheduled,FamilienBildung Friedensstraße,https://www.familienbildung-friedensstrasse.de/kurssuche/kurs/Yoga-fuer-Seniorinnen/2606-6018,2026-09-10T18:06:55.864Z
2026-11-30_1000_eltern_kind_waldspielgruppe_laufalter_bis_6_j_dyckburger_wald_fbf_friedensstrasse_coerde,Eltern-Kind-Waldspielgruppe Laufalter bis 6 J. Dyckburger Wald,2026-11-30,10:00,2026-11-30,11:30,Treffpunkt Parkplatz an der Dyckburgkirche,"Dyckburger Str. 224, 48157 Münster",Münster-Coerde,FamilienBildung Friedensstraße,Bildung / Familie / Stadtteil,scheduled,FamilienBildung Friedensstraße,https://www.familienbildung-friedensstrasse.de/kurssuche/kurs/Eltern-Kind-Waldspielgruppe-Laufalter-bis-6-J-Dyckburger-Wald/2602-2622,2026-09-10T18:06:55.864Z
2026-11-30_1000_griffbereit_mehrsprachige_eltern_kind_gruppe_von_1_3_j_fbf_friedensstrasse_coerde,Griffbereit - mehrsprachige Eltern-Kind-Gruppe von 1-3 J.,2026-11-30,10:00,2026-11-30,11:30,Begegnungszentrum Meerwiese/Treff/Eingang Nord,"An der Meerwiese 25, 48157 Münster",Münster-Coerde,FamilienBildung Friedensstraße,Bildung / Familie / Stadtteil,scheduled,FamilienBildung Friedensstraße,https://www.familienbildung-friedensstrasse.de/kurssuche/kurs/Griffbereit-mehrsprachige-Eltern-Kind-Gruppe-von-1-3-J/2602-2932,2026-09-10T18:06:55.864Z
2026-11-30_1300_pilates_in_coerde_fbf_friedensstrasse_coerde,Pilates in Coerde,2026-11-30,13:00,2026-11-30,14:00,Begegnungszentrum Meerwiese/Saal,"An der Meerwiese 25, 48157 Münster",Münster-Coerde,FamilienBildung Friedensstraße,Bildung / Familie / Stadtteil,scheduled,FamilienBildung Friedensstraße,https://www.familienbildung-friedensstrasse.de/kurssuche/kurs/Pilates-in-Coerde/2606-6506,2026-09-10T18:06:55.864Z
2026-11-30_1530_eltern_kind_waldspielgruppe_laufalter_bis_6_j_dyckburger_wald_fbf_friedensstrasse_coerde,Eltern-Kind-Waldspielgruppe Laufalter bis 6 J. Dyckburger Wald,2026-11-30,15:30,2026-11-30,17:00,Treffpunkt Parkplatz an der Dyckburgkirche,"Dyckburger Str. 224, 48157 Münster",Münster-Coerde,FamilienBildung Friedensstraße,Bildung / Familie / Stadtteil,scheduled,FamilienBildung Friedensstraße,https://www.familienbildung-friedensstrasse.de/kurssuche/kurs/Eltern-Kind-Waldspielgruppe-Laufalter-bis-6-J-Dyckburger-Wald/2602-2637,2026-09-10T18:06:55.864Z
2026-11-30_1730_pilates_in_coerde_fbf_friedensstrasse_coerde,Pilates in Coerde,2026-11-30,17:30,2026-11-30,18:30,Begegnungszentrum Meerwiese/Saal,"An der Meerwiese 25, 48157 Münster",Münster-Coerde,FamilienBildung Friedensstraße,Bildung / Familie / Stadtteil,scheduled,FamilienBildung Friedensstraße,https://www.familienbildung-friedensstrasse.de/kurssuche/kurs/Pilates-in-Coerde/2606-6514,2026-09-10T18:06:55.864Z
2026-11-30_1830_pilates_in_coerde_fbf_friedensstrasse_coerde,Pilates in Coerde,2026-11-30,18:30,2026-11-30,19:30,Begegnungszentrum Meerwiese/Saal,"An der Meerwiese 25, 48157 Münster",Münster-Coerde,FamilienBildung Friedensstraße,Bildung / Familie / Stadtteil,scheduled,FamilienBildung Friedensstraße,https://www.familienbildung-friedensstrasse.de/kurssuche/kurs/Pilates-in-Coerde/2606-6522,2026-09-10T18:06:55.864Z
2026-11-30_1945_gesellschaftstanze_fur_fortgeschrittene_anfanger_innen_fbf_friedensstrasse_coerde,Gesellschaftstänze für fortgeschrittene Anfänger:innen,2026-11-30,19:45,2026-11-30,21:15,Begegnungszentrum Meerwiese/Saal,"An der Meerwiese 25, 48157 Münster",Münster-Coerde,FamilienBildung Friedensstraße,Bildung / Familie / Stadtteil,scheduled,FamilienBildung Friedensstraße,https://www.familienbildung-friedensstrasse.de/kurssuche/kurs/Gesellschaftstaenze-fuer-fortgeschrittene-Anfaengerinnen/2606-6618,2026-09-10T18:06:55.864Z
2026-12-01_0915_deutsch_fur_migrantinnen_alltagsnah_deutsch_lernen_im_stadtteilburo_fbf_friedensstrasse_coerde,Deutsch für Migrantinnen - alltagsnah Deutsch lernen im Stadtteilbüro,2026-12-01,09:15,2026-12-01,12:00,Stadtteilbüro Coerde der AWO,"Nerzweg 9, 48157 Münster",Münster-Coerde,FamilienBildung Friedensstraße,Bildung / Familie / Stadtteil,scheduled,FamilienBildung Friedensstraße,https://www.familienbildung-friedensstrasse.de/kurssuche/kurs/Deutsch-fuer-Migrantinnen-alltagsnah-Deutsch-lernen-im-Stadtteilbuero/2604-4410,2026-09-10T18:06:55.864Z
2026-12-01_0930_sure_start_die_babyspielstunde_coerde_fbf_friedensstrasse_coerde,Sure Start - Die Babyspielstunde Coerde,2026-12-01,09:30,2026-12-01,12:30,Begegnungszentrum Meerwiese/Treff + Kreativ,,Münster-Coerde,FamilienBildung Friedensstraße,Bildung / Familie / Stadtteil,scheduled,FamilienBildung Friedensstraße,https://www.familienbildung-friedensstrasse.de/kurssuche/kurs/Sure-Start-Die-Babyspielstunde-Coerde/2602-2402,2026-09-10T18:06:55.864Z
2026-12-01_1600_deutsch_fur_migrant_innen_alltagsnah_deutsch_lernen_im_coerde_mittendrin_fbf_friedensstrasse_coerde,Deutsch für Migrant:innen - alltagsnah Deutsch lernen im coerde mittendrin,2026-12-01,16:00,2026-12-01,18:00,coerde mittendrin,"Königsberger Str. 8, 48157 Münster",Münster-Coerde,FamilienBildung Friedensstraße,Bildung / Familie / Stadtteil,scheduled,FamilienBildung Friedensstraße,https://www.familienbildung-friedensstrasse.de/kurssuche/kurs/Deutsch-fuer-Migrantinnen-alltagsnah-Deutsch-lernen-im-coerde-mittendrin/2604-4418,2026-09-10T18:06:55.864Z
2026-12-01_1900_malen_mit_aquarell_und_acrylfarben_fbf_friedensstrasse_coerde,Malen mit Aquarell- und Acrylfarben,2026-12-01,19:00,2026-12-01,21:15,Begegnungszentrum Meerwiese/Treff,,Münster-Coerde,FamilienBildung Friedensstraße,Bildung / Familie / Stadtteil,scheduled,FamilienBildung Friedensstraße,https://www.familienbildung-friedensstrasse.de/kurssuche/kurs/Malen-mit-Aquarell--und-Acrylfarben/2608-8033,2026-09-10T18:06:55.864Z
2026-12-01_1915_gesellschaftstanze_fur_paare_fur_fortgeschrittene_ii_fbf_friedensstrasse_coerde,Gesellschaftstänze für Paare – für Fortgeschrittene II,2026-12-01,19:15,2026-12-01,20:15,Begegnungszentrum Meerwiese/Saal,"An der Meerwiese 25, 48157 Münster",Münster-Coerde,FamilienBildung Friedensstraße,Bildung / Familie / Stadtteil,scheduled,FamilienBildung Friedensstraße,https://www.familienbildung-friedensstrasse.de/kurssuche/kurs/Gesellschaftstaenze-fuer-Paare-fuer-Fortgeschrittene-II/2606-6612,2026-09-10T18:06:55.864Z
2026-12-01_2015_gesellschaftstanze_fur_paare_fur_fortgeschrittene_i_fbf_friedensstrasse_coerde,Gesellschaftstänze für Paare – für Fortgeschrittene I,2026-12-01,20:15,2026-12-01,21:15,Begegnungszentrum Meerwiese/Saal,"An der Meerwiese 25, 48157 Münster",Münster-Coerde,FamilienBildung Friedensstraße,Bildung / Familie / Stadtteil,scheduled,FamilienBildung Friedensstraße,https://www.familienbildung-friedensstrasse.de/kurssuche/kurs/Gesellschaftstaenze-fuer-Paare-fuer-Fortgeschrittene-I/2606-6606,2026-09-10T18:06:55.864Z
2026-12-02_0930_qi_gong_energie_fur_den_tag_fbf_friedensstrasse_coerde,Qi Gong - Energie für den Tag,2026-12-02,09:30,2026-12-02,11:00,Begegnungszentrum Meerwiese/Saal,"An der Meerwiese 25, 48157 Münster",Münster-Coerde,FamilienBildung Friedensstraße,Bildung / Familie / Stadtteil,scheduled,FamilienBildung Friedensstraße,https://www.familienbildung-friedensstrasse.de/kurssuche/kurs/Qi-Gong-Energie-fuer-den-Tag/2606-6258,2026-09-10T18:06:55.864Z
2026-12-02_1400_sure_start_plus_die_familienspielstunde_coerde_fbf_friedensstrasse_coerde,Sure Start Plus - Die Familienspielstunde Coerde,2026-12-02,14:00,2026-12-02,17:00,Kita Wertvoll,"Kiesekampweg 8, Münster",Münster-Coerde,FamilienBildung Friedensstraße,Bildung / Familie / Stadtteil,scheduled,FamilienBildung Friedensstraße,https://www.familienbildung-friedensstrasse.de/kurssuche/kurs/Sure-Start-Plus-Die-Familienspielstunde-Coerde/2602-2912,2026-09-10T18:06:55.864Z
2026-12-02_1430_lernspielgruppe_fur_eltern_und_kinder_in_der_kitazeit_fbf_friedensstrasse_coerde,Lernspielgruppe für Eltern und Kinder in der Kitazeit,2026-12-02,14:30,2026-12-02,17:30,Begegnungszentrum Meerwiese/Kreativ,,Münster-Coerde,FamilienBildung Friedensstraße,Bildung / Familie / Stadtteil,scheduled,FamilienBildung Friedensstraße,https://www.familienbildung-friedensstrasse.de/kurssuche/kurs/Lernspielgruppe-fuer-Eltern-und-Kinder-in-der-Kitazeit/2602-2922,2026-09-10T18:06:55.864Z
2026-12-02_1545_eltern_kind_waldspielgruppe_laufalter_bis_6_j_dyckburger_wald_fbf_friedensstrasse_coerde,Eltern-Kind-Waldspielgruppe Laufalter bis 6 J. Dyckburger Wald,2026-12-02,15:45,2026-12-02,17:15,Treffpunkt Parkplatz an der Dyckburgkirche,"Dyckburger Str. 224, 48157 Münster",Münster-Coerde,FamilienBildung Friedensstraße,Bildung / Familie / Stadtteil,scheduled,FamilienBildung Friedensstraße,https://www.familienbildung-friedensstrasse.de/kurssuche/kurs/Eltern-Kind-Waldspielgruppe-Laufalter-bis-6-J-Dyckburger-Wald/2602-2632,2026-09-10T18:06:55.864Z
2026-12-02_1830_yoga_an_der_meerwiese_fbf_friedensstrasse_coerde,Yoga An der Meerwiese,2026-12-02,18:30,2026-12-02,20:00,DRK Kita Meerwiese,"An der Meerwiese 11, 48157 Münster",Münster-Coerde,FamilienBildung Friedensstraße,Bildung / Familie / Stadtteil,scheduled,FamilienBildung Friedensstraße,https://www.familienbildung-friedensstrasse.de/kurssuche/kurs/Yoga-An-der-Meerwiese/2606-6058,2026-09-10T18:06:55.864Z
2026-12-02_1900_bauchtanz_fur_frauen_fbf_friedensstrasse_coerde,Bauchtanz für Frauen,2026-12-02,19:00,2026-12-02,21:00,Begegnungszentrum Meerwiese/Saal,"An der Meerwiese 25, 48157 Münster",Münster-Coerde,FamilienBildung Friedensstraße,Bildung / Familie / Stadtteil,scheduled,FamilienBildung Friedensstraße,https://www.familienbildung-friedensstrasse.de/kurssuche/kurs/Bauchtanz-fuer-Frauen/2606-6630,2026-09-10T18:06:55.864Z
2026-12-03_0930_sure_start_die_babyspielstunde_coerde_fbf_friedensstrasse_coerde,Sure Start - Die Babyspielstunde Coerde,2026-12-03,09:30,2026-12-03,12:30,Begegnungszentrum Meerwiese,"An der Meerwiese 25, 48157 Münster",Münster-Coerde,FamilienBildung Friedensstraße,Bildung / Familie / Stadtteil,scheduled,FamilienBildung Friedensstraße,https://www.familienbildung-friedensstrasse.de/kurssuche/kurs/Sure-Start-Die-Babyspielstunde-Coerde/2602-2422,2026-09-10T18:06:55.864Z
2026-12-03_1430_komm_wir_sprechen_deutsch_fbf_friedensstrasse_coerde,"Komm, wir sprechen deutsch!",2026-12-03,14:30,2026-12-03,16:00,coerde mittendrin,"Königsberger Str. 8, 48157 Münster",Münster-Coerde,FamilienBildung Friedensstraße,Bildung / Familie / Stadtteil,scheduled,FamilienBildung Friedensstraße,https://www.familienbildung-friedensstrasse.de/kurssuche/kurs/Komm-wir-sprechen-deutsch/2604-4402,2026-09-10T18:06:55.864Z
2026-12-03_1430_praktische_ernahrungsbildung_fur_eltern_mit_ihren_kindern_ab_3_jahren_fbf_friedensstrasse_coerde,Praktische Ernährungsbildung für Eltern mit ihren Kindern ab 3 Jahren,2026-12-03,14:30,2026-12-03,16:45,Kita Wertvoll,"Kiesekampweg 8, Münster",Münster-Coerde,FamilienBildung Friedensstraße,Bildung / Familie / Stadtteil,scheduled,FamilienBildung Friedensstraße,https://www.familienbildung-friedensstrasse.de/kurssuche/kurs/Praktische-Ernaehrungsbildung-fuer-Eltern-mit-ihren-Kindern-ab-3-Jahren/2602-2938,2026-09-10T18:06:55.864Z
2026-12-03_1530_spielgruppe_fur_deutsch_russisch_und_ukrainisch_sprechende_eltern_und_kinder_von_fbf_friedensstrasse_coerde,Spielgruppe für deutsch-russisch und -ukrainisch sprechende Eltern und Kinder von 1-3 J.,2026-12-03,15:30,2026-12-03,17:00,Begegnungszentrum Meerwiese,"An der Meerwiese 25, 48157 Münster",Münster-Coerde,FamilienBildung Friedensstraße,Bildung / Familie / Stadtteil,scheduled,FamilienBildung Friedensstraße,https://www.familienbildung-friedensstrasse.de/kurssuche/kurs/Spielgruppe-f-dt-russisch-u-ukrainisch-sprechende-Eltern-u-Kinder-von-1-3-J/2602-2602,2026-09-10T18:06:55.864Z
2026-12-03_1600_turnen_und_toben_fur_gross_eltern_und_kinder_1_3_j_an_der_meerwiese_fbf_friedensstrasse_coerde,Turnen und Toben für (Groß-)Eltern und Kinder 1-3 J. An der Meerwiese,2026-12-03,16:00,2026-12-03,17:00,DRK Kita Meerwiese,"An der Meerwiese 11, 48157 Münster",Münster-Coerde,FamilienBildung Friedensstraße,Bildung / Familie / Stadtteil,scheduled,FamilienBildung Friedensstraße,https://www.familienbildung-friedensstrasse.de/kurssuche/kurs/Turnen-und-Toben-fuer-Gross-Eltern-und-Kinder-1-3-J-An-der-Meerwiese/2602-2752,2026-09-10T18:06:55.864Z
2026-12-03_1945_zumba_workout_fitness_fbf_friedensstrasse_coerde,Zumba® Workout Fitness,2026-12-03,19:45,2026-12-03,20:45,Begegnungszentrum Meerwiese/Saal,"An der Meerwiese 25, 48157 Münster",Münster-Coerde,FamilienBildung Friedensstraße,Bildung / Familie / Stadtteil,scheduled,FamilienBildung Friedensstraße,https://www.familienbildung-friedensstrasse.de/kurssuche/kurs/Zumba-Workout-Fitness/2606-6568,2026-09-10T18:06:55.864Z
2026-12-04_0915_deutsch_fur_migrantinnen_alltagsnah_deutsch_lernen_an_der_meerwiese_fbf_friedensstrasse_coerde,Deutsch für Migrantinnen - alltagsnah Deutsch lernen an der Meerwiese,2026-12-04,09:15,2026-12-04,12:00,Begegnungszentrum Meerwiese/Treff + Kreativ,,Münster-Coerde,FamilienBildung Friedensstraße,Bildung / Familie / Stadtteil,scheduled,FamilienBildung Friedensstraße,https://www.familienbildung-friedensstrasse.de/kurssuche/kurs/Deutsch-fuer-Migrantinnen-alltagsnah-Deutsch-lernen-an-der-Meerwiese/2604-4414,2026-09-10T18:06:55.864Z
2026-12-04_1000_tanzxchange_freie_tanzszene_munster_open_class_meerwiese_theater,TanzXchange – Freie Tanzszene Münster – OPEN CLASS,2026-12-04,10:00,2026-12-04,12:00,Begegnungszentrum und Theater in der Meerwiese,An der Meerwiese 25,Münster-Coerde,Stadt Münster Veranstaltungskalender,Theater / Kultur / Tanz / Kinderkultur,scheduled,Stadt Münster Veranstaltungskalender,https://www.stadt-muenster.de/veranstaltungskalender/-/detail/1025/18560/tanzxchange-freie-tanzszene-muenster-open-class,2026-09-10T18:06:55.864Z
2026-12-05_1000_eltern_kind_waldspielgruppe_laufalter_bis_6_j_dyckburger_wald_fbf_friedensstrasse_coerde,Eltern-Kind-Waldspielgruppe Laufalter bis 6 J. Dyckburger Wald,2026-12-05,10:00,2026-12-05,12:15,Treffpunkt Parkplatz an der Dyckburgkirche,"Dyckburger Str. 224, 48157 Münster",Münster-Coerde,FamilienBildung Friedensstraße,Bildung / Familie / Stadtteil,scheduled,FamilienBildung Friedensstraße,https://www.familienbildung-friedensstrasse.de/kurssuche/kurs/Eltern-Kind-Waldspielgruppe-Laufalter-bis-6-J-Dyckburger-Wald/2602-2622,2026-09-10T18:06:55.864Z
2026-12-05_1500_workshop_auf_clownsentdeckung_in_dir_selbst_ein_clown_workshop_mit_clown_fidelid_meerwiese_theater,Workshop: Auf Clownsentdeckung in dir selbst – Ein Clown-Workshop mit Clown fidelidad,2026-12-05,15:00,2026-12-05,22:00,Begegnungszentrum und Theater in der Meerwiese,An der Meerwiese 25,Münster-Coerde,Stadt Münster Veranstaltungskalender,Theater / Kultur / Tanz / Kinderkultur,scheduled,Stadt Münster Veranstaltungskalender,https://www.stadt-muenster.de/veranstaltungskalender/-/detail/3025/18582/workshop-auf-clownsentdeckung-in-dir-selbst-ein-clown-workshop-mit-clown-fidelidad,2026-09-10T18:06:55.864Z
2026-12-05_1530_eltern_kind_waldspielgruppe_laufalter_bis_6_j_dyckburger_wald_fbf_friedensstrasse_coerde,Eltern-Kind-Waldspielgruppe Laufalter bis 6 J. Dyckburger Wald,2026-12-05,15:30,2026-12-05,17:45,Treffpunkt Parkplatz an der Dyckburgkirche,"Dyckburger Str. 224, 48157 Münster",Münster-Coerde,FamilienBildung Friedensstraße,Bildung / Familie / Stadtteil,scheduled,FamilienBildung Friedensstraße,https://www.familienbildung-friedensstrasse.de/kurssuche/kurs/Eltern-Kind-Waldspielgruppe-Laufalter-bis-6-J-Dyckburger-Wald/2602-2625,2026-09-10T18:06:55.864Z
2026-12-05_1545_eltern_kind_waldspielgruppe_laufalter_bis_6_j_dyckburger_wald_fbf_friedensstrasse_coerde,Eltern-Kind-Waldspielgruppe Laufalter bis 6 J. Dyckburger Wald,2026-12-05,15:45,2026-12-05,18:00,Treffpunkt Parkplatz an der Dyckburgkirche,"Dyckburger Str. 224, 48157 Münster",Münster-Coerde,FamilienBildung Friedensstraße,Bildung / Familie / Stadtteil,scheduled,FamilienBildung Friedensstraße,https://www.familienbildung-friedensstrasse.de/kurssuche/kurs/Eltern-Kind-Waldspielgruppe-Laufalter-bis-6-J-Dyckburger-Wald/2602-2632,2026-09-10T18:06:55.864Z
2026-12-06_1000_eltern_kind_waldspielgruppe_laufalter_bis_6_j_dyckburger_wald_fbf_friedensstrasse_coerde,Eltern-Kind-Waldspielgruppe Laufalter bis 6 J. Dyckburger Wald,2026-12-06,10:00,2026-12-06,12:15,Treffpunkt Parkplatz an der Dyckburgkirche,"Dyckburger Str. 224, 48157 Münster",Münster-Coerde,FamilienBildung Friedensstraße,Bildung / Familie / Stadtteil,scheduled,FamilienBildung Friedensstraße,https://www.familienbildung-friedensstrasse.de/kurssuche/kurs/Eltern-Kind-Waldspielgruppe-Laufalter-bis-6-J-Dyckburger-Wald/2602-2622,2026-09-10T18:06:55.864Z
2026-12-06_1000_workshop_auf_clownsentdeckung_in_dir_selbst_ein_clown_workshop_mit_clown_fidelid_meerwiese_theater,Workshop: Auf Clownsentdeckung in dir selbst – Ein Clown-Workshop mit Clown fidelidad,2026-12-06,10:00,2026-12-06,17:00,Begegnungszentrum und Theater in der Meerwiese,An der Meerwiese 25,Münster-Coerde,Stadt Münster Veranstaltungskalender,Theater / Kultur / Tanz / Kinderkultur,scheduled,Stadt Münster Veranstaltungskalender,https://www.stadt-muenster.de/veranstaltungskalender/-/detail/3025/18583/workshop-auf-clownsentdeckung-in-dir-selbst-ein-clown-workshop-mit-clown-fidelidad,2026-09-10T18:06:55.864Z
2026-12-06_1530_24_winterpunsch_pendulum_mneme_kollektiv_aus_munster_meerwiese_theater,24. WINTERPUNSCH: Pendulum – MNEME kollektiv aus Münster,2026-12-06,15:30,2026-12-06,16:30,Begegnungszentrum und Theater in der Meerwiese,An der Meerwiese 25,Münster-Coerde,Stadt Münster Veranstaltungskalender,Theater / Kultur / Tanz / Kinderkultur,scheduled,Stadt Münster Veranstaltungskalender,https://www.stadt-muenster.de/veranstaltungskalender/-/detail/3026/18584/24-winterpunsch-pendulum-mneme-kollektiv-aus-muenster,2026-09-10T18:06:55.864Z
2026-12-06_1530_eltern_kind_waldspielgruppe_laufalter_bis_6_j_dyckburger_wald_fbf_friedensstrasse_coerde,Eltern-Kind-Waldspielgruppe Laufalter bis 6 J. Dyckburger Wald,2026-12-06,15:30,2026-12-06,17:45,Treffpunkt Parkplatz an der Dyckburgkirche,"Dyckburger Str. 224, 48157 Münster",Münster-Coerde,FamilienBildung Friedensstraße,Bildung / Familie / Stadtteil,scheduled,FamilienBildung Friedensstraße,https://www.familienbildung-friedensstrasse.de/kurssuche/kurs/Eltern-Kind-Waldspielgruppe-Laufalter-bis-6-J-Dyckburger-Wald/2602-2625,2026-09-10T18:06:55.864Z
2026-12-06_1545_eltern_kind_waldspielgruppe_laufalter_bis_6_j_dyckburger_wald_fbf_friedensstrasse_coerde,Eltern-Kind-Waldspielgruppe Laufalter bis 6 J. Dyckburger Wald,2026-12-06,15:45,2026-12-06,18:00,Treffpunkt Parkplatz an der Dyckburgkirche,"Dyckburger Str. 224, 48157 Münster",Münster-Coerde,FamilienBildung Friedensstraße,Bildung / Familie / Stadtteil,scheduled,FamilienBildung Friedensstraße,https://www.familienbildung-friedensstrasse.de/kurssuche/kurs/Eltern-Kind-Waldspielgruppe-Laufalter-bis-6-J-Dyckburger-Wald/2602-2632,2026-09-10T18:06:55.864Z
2026-12-07_0930_yoga_fur_senior_innen_fbf_friedensstrasse_coerde,Yoga für Senior:innen,2026-12-07,09:30,2026-12-07,10:30,Begegnungszentrum Meerwiese/Saal,"An der Meerwiese 25, 48157 Münster",Münster-Coerde,FamilienBildung Friedensstraße,Bildung / Familie / Stadtteil,scheduled,FamilienBildung Friedensstraße,https://www.familienbildung-friedensstrasse.de/kurssuche/kurs/Yoga-fuer-Seniorinnen/2606-6018,2026-09-10T18:06:55.864Z
2026-12-07_1000_24_winterpunsch_pendulum_mneme_kollektiv_aus_munster_meerwiese_theater,24. WINTERPUNSCH: Pendulum – MNEME kollektiv aus Münster,2026-12-07,10:00,2026-12-07,11:00,Begegnungszentrum und Theater in der Meerwiese,An der Meerwiese 25,Münster-Coerde,Stadt Münster Veranstaltungskalender,Theater / Kultur / Tanz / Kinderkultur,scheduled,Stadt Münster Veranstaltungskalender,https://www.stadt-muenster.de/veranstaltungskalender/-/detail/3026/18585/24-winterpunsch-pendulum-mneme-kollektiv-aus-muenster,2026-09-10T18:06:55.864Z
2026-12-07_1000_eltern_kind_waldspielgruppe_laufalter_bis_6_j_dyckburger_wald_fbf_friedensstrasse_coerde,Eltern-Kind-Waldspielgruppe Laufalter bis 6 J. Dyckburger Wald,2026-12-07,10:00,2026-12-07,11:30,Treffpunkt Parkplatz an der Dyckburgkirche,"Dyckburger Str. 224, 48157 Münster",Münster-Coerde,FamilienBildung Friedensstraße,Bildung / Familie / Stadtteil,scheduled,FamilienBildung Friedensstraße,https://www.familienbildung-friedensstrasse.de/kurssuche/kurs/Eltern-Kind-Waldspielgruppe-Laufalter-bis-6-J-Dyckburger-Wald/2602-2622,2026-09-10T18:06:55.864Z
2026-12-07_1000_griffbereit_mehrsprachige_eltern_kind_gruppe_von_1_3_j_fbf_friedensstrasse_coerde,Griffbereit - mehrsprachige Eltern-Kind-Gruppe von 1-3 J.,2026-12-07,10:00,2026-12-07,11:30,Begegnungszentrum Meerwiese/Treff/Eingang Nord,"An der Meerwiese 25, 48157 Münster",Münster-Coerde,FamilienBildung Friedensstraße,Bildung / Familie / Stadtteil,scheduled,FamilienBildung Friedensstraße,https://www.familienbildung-friedensstrasse.de/kurssuche/kurs/Griffbereit-mehrsprachige-Eltern-Kind-Gruppe-von-1-3-J/2602-2932,2026-09-10T18:06:55.864Z
2026-12-07_1300_pilates_in_coerde_fbf_friedensstrasse_coerde,Pilates in Coerde,2026-12-07,13:00,2026-12-07,14:00,Begegnungszentrum Meerwiese/Saal,"An der Meerwiese 25, 48157 Münster",Münster-Coerde,FamilienBildung Friedensstraße,Bildung / Familie / Stadtteil,scheduled,FamilienBildung Friedensstraße,https://www.familienbildung-friedensstrasse.de/kurssuche/kurs/Pilates-in-Coerde/2606-6506,2026-09-10T18:06:55.864Z
2026-12-07_1530_eltern_kind_waldspielgruppe_laufalter_bis_6_j_dyckburger_wald_fbf_friedensstrasse_coerde,Eltern-Kind-Waldspielgruppe Laufalter bis 6 J. Dyckburger Wald,2026-12-07,15:30,2026-12-07,17:00,Treffpunkt Parkplatz an der Dyckburgkirche,"Dyckburger Str. 224, 48157 Münster",Münster-Coerde,FamilienBildung Friedensstraße,Bildung / Familie / Stadtteil,scheduled,FamilienBildung Friedensstraße,https://www.familienbildung-friedensstrasse.de/kurssuche/kurs/Eltern-Kind-Waldspielgruppe-Laufalter-bis-6-J-Dyckburger-Wald/2602-2637,2026-09-10T18:06:55.864Z
2026-12-07_1730_pilates_in_coerde_fbf_friedensstrasse_coerde,Pilates in Coerde,2026-12-07,17:30,2026-12-07,18:30,Begegnungszentrum Meerwiese/Saal,"An der Meerwiese 25, 48157 Münster",Münster-Coerde,FamilienBildung Friedensstraße,Bildung / Familie / Stadtteil,scheduled,FamilienBildung Friedensstraße,https://www.familienbildung-friedensstrasse.de/kurssuche/kurs/Pilates-in-Coerde/2606-6514,2026-09-10T18:06:55.864Z
2026-12-07_1830_pilates_in_coerde_fbf_friedensstrasse_coerde,Pilates in Coerde,2026-12-07,18:30,2026-12-07,19:30,Begegnungszentrum Meerwiese/Saal,"An der Meerwiese 25, 48157 Münster",Münster-Coerde,FamilienBildung Friedensstraße,Bildung / Familie / Stadtteil,scheduled,FamilienBildung Friedensstraße,https://www.familienbildung-friedensstrasse.de/kurssuche/kurs/Pilates-in-Coerde/2606-6522,2026-09-10T18:06:55.864Z
2026-12-07_1945_gesellschaftstanze_fur_fortgeschrittene_anfanger_innen_fbf_friedensstrasse_coerde,Gesellschaftstänze für fortgeschrittene Anfänger:innen,2026-12-07,19:45,2026-12-07,21:15,Begegnungszentrum Meerwiese/Saal,"An der Meerwiese 25, 48157 Münster",Münster-Coerde,FamilienBildung Friedensstraße,Bildung / Familie / Stadtteil,scheduled,FamilienBildung Friedensstraße,https://www.familienbildung-friedensstrasse.de/kurssuche/kurs/Gesellschaftstaenze-fuer-fortgeschrittene-Anfaengerinnen/2606-6618,2026-09-10T18:06:55.864Z
2026-12-08_0915_deutsch_fur_migrantinnen_alltagsnah_deutsch_lernen_im_stadtteilburo_fbf_friedensstrasse_coerde,Deutsch für Migrantinnen - alltagsnah Deutsch lernen im Stadtteilbüro,2026-12-08,09:15,2026-12-08,12:00,Stadtteilbüro Coerde der AWO,"Nerzweg 9, 48157 Münster",Münster-Coerde,FamilienBildung Friedensstraße,Bildung / Familie / Stadtteil,scheduled,FamilienBildung Friedensstraße,https://www.familienbildung-friedensstrasse.de/kurssuche/kurs/Deutsch-fuer-Migrantinnen-alltagsnah-Deutsch-lernen-im-Stadtteilbuero/2604-4410,2026-09-10T18:06:55.864Z
2026-12-08_0930_sure_start_die_babyspielstunde_coerde_fbf_friedensstrasse_coerde,Sure Start - Die Babyspielstunde Coerde,2026-12-08,09:30,2026-12-08,12:30,Begegnungszentrum Meerwiese/Treff + Kreativ,,Münster-Coerde,FamilienBildung Friedensstraße,Bildung / Familie / Stadtteil,scheduled,FamilienBildung Friedensstraße,https://www.familienbildung-friedensstrasse.de/kurssuche/kurs/Sure-Start-Die-Babyspielstunde-Coerde/2602-2402,2026-09-10T18:06:55.864Z
2026-12-08_1000_24_winterpunsch_pendulum_mneme_kollektiv_aus_munster_meerwiese_theater,24. WINTERPUNSCH: Pendulum – MNEME kollektiv aus Münster,2026-12-08,10:00,2026-12-08,11:00,Begegnungszentrum und Theater in der Meerwiese,An der Meerwiese 25,Münster-Coerde,Stadt Münster Veranstaltungskalender,Theater / Kultur / Tanz / Kinderkultur,scheduled,Stadt Münster Veranstaltungskalender,https://www.stadt-muenster.de/veranstaltungskalender/-/detail/3026/18586/24-winterpunsch-pendulum-mneme-kollektiv-aus-muenster,2026-09-10T18:06:55.864Z
2026-12-08_1415_weihnachtsbackerei_fur_gross_eltern_und_kinder_von_3_6_j_an_der_meerwiese_fbf_friedensstrasse_coerde,Weihnachtsbäckerei für (Groß-)Eltern und Kinder von 3-6 J. An der Meerwiese,2026-12-08,14:15,2026-12-08,16:30,DRK Kita Meerwiese,"An der Meerwiese 11, 48157 Münster",Münster-Coerde,FamilienBildung Friedensstraße,Bildung / Familie / Stadtteil,scheduled,FamilienBildung Friedensstraße,https://www.familienbildung-friedensstrasse.de/kurssuche/kurs/Weihnachtsbaeckerei-fuer-Gross-Eltern-und-Kinder-von-3-6-J-An-der-Meerwiese/2602-2825,2026-09-10T18:06:55.864Z
2026-12-08_1600_deutsch_fur_migrant_innen_alltagsnah_deutsch_lernen_im_coerde_mittendrin_fbf_friedensstrasse_coerde,Deutsch für Migrant:innen - alltagsnah Deutsch lernen im coerde mittendrin,2026-12-08,16:00,2026-12-08,18:00,coerde mittendrin,"Königsberger Str. 8, 48157 Münster",Münster-Coerde,FamilienBildung Friedensstraße,Bildung / Familie / Stadtteil,scheduled,FamilienBildung Friedensstraße,https://www.familienbildung-friedensstrasse.de/kurssuche/kurs/Deutsch-fuer-Migrantinnen-alltagsnah-Deutsch-lernen-im-coerde-mittendrin/2604-4418,2026-09-10T18:06:55.864Z
2026-12-08_1755_nia_fitness_mit_groove_fbf_friedensstrasse_coerde,Nia® – Fitness mit Groove,2026-12-08,17:55,2026-12-08,18:55,Begegnungszentrum Meerwiese/Saal,"An der Meerwiese 25, 48157 Münster",Münster-Coerde,FamilienBildung Friedensstraße,Bildung / Familie / Stadtteil,scheduled,FamilienBildung Friedensstraße,https://www.familienbildung-friedensstrasse.de/kurssuche/kurs/Nia-Fitness-mit-Groove/2606-6574,2026-09-10T18:06:55.864Z
2026-12-08_1900_malen_mit_aquarell_und_acrylfarben_fbf_friedensstrasse_coerde,Malen mit Aquarell- und Acrylfarben,2026-12-08,19:00,2026-12-08,21:15,Begegnungszentrum Meerwiese/Treff,,Münster-Coerde,FamilienBildung Friedensstraße,Bildung / Familie / Stadtteil,scheduled,FamilienBildung Friedensstraße,https://www.familienbildung-friedensstrasse.de/kurssuche/kurs/Malen-mit-Aquarell--und-Acrylfarben/2608-8033,2026-09-10T18:06:55.864Z
2026-12-09_0930_qi_gong_energie_fur_den_tag_fbf_friedensstrasse_coerde,Qi Gong - Energie für den Tag,2026-12-09,09:30,2026-12-09,11:00,Begegnungszentrum Meerwiese/Saal,"An der Meerwiese 25, 48157 Münster",Münster-Coerde,FamilienBildung Friedensstraße,Bildung / Familie / Stadtteil,scheduled,FamilienBildung Friedensstraße,https://www.familienbildung-friedensstrasse.de/kurssuche/kurs/Qi-Gong-Energie-fuer-den-Tag/2606-6258,2026-09-10T18:06:55.864Z
2026-12-09_1000_24_winterpunsch_pendulum_mneme_kollektiv_aus_munster_meerwiese_theater,24. WINTERPUNSCH: Pendulum – MNEME kollektiv aus Münster,2026-12-09,10:00,2026-12-09,11:00,Begegnungszentrum und Theater in der Meerwiese,An der Meerwiese 25,Münster-Coerde,Stadt Münster Veranstaltungskalender,Theater / Kultur / Tanz / Kinderkultur,scheduled,Stadt Münster Veranstaltungskalender,https://www.stadt-muenster.de/veranstaltungskalender/-/detail/3026/18587/24-winterpunsch-pendulum-mneme-kollektiv-aus-muenster,2026-09-10T18:06:55.864Z
2026-12-09_1400_sure_start_plus_die_familienspielstunde_coerde_fbf_friedensstrasse_coerde,Sure Start Plus - Die Familienspielstunde Coerde,2026-12-09,14:00,2026-12-09,17:00,Kita Wertvoll,"Kiesekampweg 8, Münster",Münster-Coerde,FamilienBildung Friedensstraße,Bildung / Familie / Stadtteil,scheduled,FamilienBildung Friedensstraße,https://www.familienbildung-friedensstrasse.de/kurssuche/kurs/Sure-Start-Plus-Die-Familienspielstunde-Coerde/2602-2912,2026-09-10T18:06:55.864Z
2026-12-09_1430_lernspielgruppe_fur_eltern_und_kinder_in_der_kitazeit_fbf_friedensstrasse_coerde,Lernspielgruppe für Eltern und Kinder in der Kitazeit,2026-12-09,14:30,2026-12-09,17:30,Begegnungszentrum Meerwiese/Kreativ,,Münster-Coerde,FamilienBildung Friedensstraße,Bildung / Familie / Stadtteil,scheduled,FamilienBildung Friedensstraße,https://www.familienbildung-friedensstrasse.de/kurssuche/kurs/Lernspielgruppe-fuer-Eltern-und-Kinder-in-der-Kitazeit/2602-2922,2026-09-10T18:06:55.864Z
2026-12-09_1545_eltern_kind_waldspielgruppe_laufalter_bis_6_j_dyckburger_wald_fbf_friedensstrasse_coerde,Eltern-Kind-Waldspielgruppe Laufalter bis 6 J. Dyckburger Wald,2026-12-09,15:45,2026-12-09,17:15,Treffpunkt Parkplatz an der Dyckburgkirche,"Dyckburger Str. 224, 48157 Münster",Münster-Coerde,FamilienBildung Friedensstraße,Bildung / Familie / Stadtteil,scheduled,FamilienBildung Friedensstraße,https://www.familienbildung-friedensstrasse.de/kurssuche/kurs/Eltern-Kind-Waldspielgruppe-Laufalter-bis-6-J-Dyckburger-Wald/2602-2632,2026-09-10T18:06:55.864Z
2026-12-09_1830_yoga_an_der_meerwiese_fbf_friedensstrasse_coerde,Yoga An der Meerwiese,2026-12-09,18:30,2026-12-09,20:00,DRK Kita Meerwiese,"An der Meerwiese 11, 48157 Münster",Münster-Coerde,FamilienBildung Friedensstraße,Bildung / Familie / Stadtteil,scheduled,FamilienBildung Friedensstraße,https://www.familienbildung-friedensstrasse.de/kurssuche/kurs/Yoga-An-der-Meerwiese/2606-6058,2026-09-10T18:06:55.864Z
2026-12-10_0930_sure_start_die_babyspielstunde_coerde_fbf_friedensstrasse_coerde,Sure Start - Die Babyspielstunde Coerde,2026-12-10,09:30,2026-12-10,12:30,Begegnungszentrum Meerwiese,"An der Meerwiese 25, 48157 Münster",Münster-Coerde,FamilienBildung Friedensstraße,Bildung / Familie / Stadtteil,scheduled,FamilienBildung Friedensstraße,https://www.familienbildung-friedensstrasse.de/kurssuche/kurs/Sure-Start-Die-Babyspielstunde-Coerde/2602-2422,2026-09-10T18:06:55.864Z
2026-12-10_1430_komm_wir_sprechen_deutsch_fbf_friedensstrasse_coerde,"Komm, wir sprechen deutsch!",2026-12-10,14:30,2026-12-10,16:00,coerde mittendrin,"Königsberger Str. 8, 48157 Münster",Münster-Coerde,FamilienBildung Friedensstraße,Bildung / Familie / Stadtteil,scheduled,FamilienBildung Friedensstraße,https://www.familienbildung-friedensstrasse.de/kurssuche/kurs/Komm-wir-sprechen-deutsch/2604-4402,2026-09-10T18:06:55.864Z
2026-12-10_1430_praktische_ernahrungsbildung_fur_eltern_mit_ihren_kindern_ab_3_jahren_fbf_friedensstrasse_coerde,Praktische Ernährungsbildung für Eltern mit ihren Kindern ab 3 Jahren,2026-12-10,14:30,2026-12-10,16:45,Kita Wertvoll,"Kiesekampweg 8, Münster",Münster-Coerde,FamilienBildung Friedensstraße,Bildung / Familie / Stadtteil,scheduled,FamilienBildung Friedensstraße,https://www.familienbildung-friedensstrasse.de/kurssuche/kurs/Praktische-Ernaehrungsbildung-fuer-Eltern-mit-ihren-Kindern-ab-3-Jahren/2602-2938,2026-09-10T18:06:55.864Z
2026-12-10_1530_spielgruppe_fur_deutsch_russisch_und_ukrainisch_sprechende_eltern_und_kinder_von_fbf_friedensstrasse_coerde,Spielgruppe für deutsch-russisch und -ukrainisch sprechende Eltern und Kinder von 1-3 J.,2026-12-10,15:30,2026-12-10,17:00,Begegnungszentrum Meerwiese,"An der Meerwiese 25, 48157 Münster",Münster-Coerde,FamilienBildung Friedensstraße,Bildung / Familie / Stadtteil,scheduled,FamilienBildung Friedensstraße,https://www.familienbildung-friedensstrasse.de/kurssuche/kurs/Spielgruppe-f-dt-russisch-u-ukrainisch-sprechende-Eltern-u-Kinder-von-1-3-J/2602-2602,2026-09-10T18:06:55.864Z
2026-12-10_1600_turnen_und_toben_fur_gross_eltern_und_kinder_1_3_j_an_der_meerwiese_fbf_friedensstrasse_coerde,Turnen und Toben für (Groß-)Eltern und Kinder 1-3 J. An der Meerwiese,2026-12-10,16:00,2026-12-10,17:00,DRK Kita Meerwiese,"An der Meerwiese 11, 48157 Münster",Münster-Coerde,FamilienBildung Friedensstraße,Bildung / Familie / Stadtteil,scheduled,FamilienBildung Friedensstraße,https://www.familienbildung-friedensstrasse.de/kurssuche/kurs/Turnen-und-Toben-fuer-Gross-Eltern-und-Kinder-1-3-J-An-der-Meerwiese/2602-2752,2026-09-10T18:06:55.864Z
2026-12-10_1945_zumba_workout_fitness_fbf_friedensstrasse_coerde,Zumba® Workout Fitness,2026-12-10,19:45,2026-12-10,20:45,Begegnungszentrum Meerwiese/Saal,"An der Meerwiese 25, 48157 Münster",Münster-Coerde,FamilienBildung Friedensstraße,Bildung / Familie / Stadtteil,scheduled,FamilienBildung Friedensstraße,https://www.familienbildung-friedensstrasse.de/kurssuche/kurs/Zumba-Workout-Fitness/2606-6568,2026-09-10T18:06:55.864Z
2026-12-11_0915_deutsch_fur_migrantinnen_alltagsnah_deutsch_lernen_an_der_meerwiese_fbf_friedensstrasse_coerde,Deutsch für Migrantinnen - alltagsnah Deutsch lernen an der Meerwiese,2026-12-11,09:15,2026-12-11,12:00,Begegnungszentrum Meerwiese/Treff + Kreativ,,Münster-Coerde,FamilienBildung Friedensstraße,Bildung / Familie / Stadtteil,scheduled,FamilienBildung Friedensstraße,https://www.familienbildung-friedensstrasse.de/kurssuche/kurs/Deutsch-fuer-Migrantinnen-alltagsnah-Deutsch-lernen-an-der-Meerwiese/2604-4414,2026-09-10T18:06:55.864Z
2026-12-13_1700_jazziges_weihnachtskonzert_mit_gedichten_und_geschichten_jeanette_lewe_gesang_un_meerwiese_theater,Jazziges Weihnachtskonzert mit Gedichten und Geschichten – Jeanette Lewe (Gesang) und Markus Papenberg (Saxophon),2026-12-13,17:00,2026-12-13,19:00,Begegnungszentrum und Theater in der Meerwiese,An der Meerwiese 25,Münster-Coerde,Stadt Münster Veranstaltungskalender,Theater / Kultur / Tanz / Kinderkultur,scheduled,Stadt Münster Veranstaltungskalender,https://www.stadt-muenster.de/veranstaltungskalender/-/detail/3027/18588/jazziges-weihnachtskonzert-mit-gedichten-und-geschichten-jeanette-lewe-gesang-und-markus-papenberg-saxophon,2026-09-10T18:06:55.864Z
2026-12-14_1000_griffbereit_mehrsprachige_eltern_kind_gruppe_von_1_3_j_fbf_friedensstrasse_coerde,Griffbereit - mehrsprachige Eltern-Kind-Gruppe von 1-3 J.,2026-12-14,10:00,2026-12-14,11:30,Begegnungszentrum Meerwiese/Treff/Eingang Nord,"An der Meerwiese 25, 48157 Münster",Münster-Coerde,FamilienBildung Friedensstraße,Bildung / Familie / Stadtteil,scheduled,FamilienBildung Friedensstraße,https://www.familienbildung-friedensstrasse.de/kurssuche/kurs/Griffbereit-mehrsprachige-Eltern-Kind-Gruppe-von-1-3-J/2602-2932,2026-09-10T18:06:55.864Z
2026-12-14_1900_eltern_kind_waldspielgruppe_laufalter_bis_6_j_dyckburger_wald_fbf_friedensstrasse_coerde,Eltern-Kind-Waldspielgruppe Laufalter bis 6 J. Dyckburger Wald,2026-12-14,19:00,2026-12-14,21:15,Treffpunkt Parkplatz an der Dyckburgkirche,"Dyckburger Str. 224, 48157 Münster",Münster-Coerde,FamilienBildung Friedensstraße,Bildung / Familie / Stadtteil,scheduled,FamilienBildung Friedensstraße,https://www.familienbildung-friedensstrasse.de/kurssuche/kurs/Eltern-Kind-Waldspielgruppe-Laufalter-bis-6-J-Dyckburger-Wald/2602-2637,2026-09-10T18:06:55.864Z
2026-12-15_0915_deutsch_fur_migrantinnen_alltagsnah_deutsch_lernen_im_stadtteilburo_fbf_friedensstrasse_coerde,Deutsch für Migrantinnen - alltagsnah Deutsch lernen im Stadtteilbüro,2026-12-15,09:15,2026-12-15,12:00,Stadtteilbüro Coerde der AWO,"Nerzweg 9, 48157 Münster",Münster-Coerde,FamilienBildung Friedensstraße,Bildung / Familie / Stadtteil,scheduled,FamilienBildung Friedensstraße,https://www.familienbildung-friedensstrasse.de/kurssuche/kurs/Deutsch-fuer-Migrantinnen-alltagsnah-Deutsch-lernen-im-Stadtteilbuero/2604-4410,2026-09-10T18:06:55.864Z
2026-12-15_0930_sure_start_die_babyspielstunde_coerde_fbf_friedensstrasse_coerde,Sure Start - Die Babyspielstunde Coerde,2026-12-15,09:30,2026-12-15,12:30,Begegnungszentrum Meerwiese/Treff + Kreativ,,Münster-Coerde,FamilienBildung Friedensstraße,Bildung / Familie / Stadtteil,scheduled,FamilienBildung Friedensstraße,https://www.familienbildung-friedensstrasse.de/kurssuche/kurs/Sure-Start-Die-Babyspielstunde-Coerde/2602-2402,2026-09-10T18:06:55.864Z
2026-12-15_1600_deutsch_fur_migrant_innen_alltagsnah_deutsch_lernen_im_coerde_mittendrin_fbf_friedensstrasse_coerde,Deutsch für Migrant:innen - alltagsnah Deutsch lernen im coerde mittendrin,2026-12-15,16:00,2026-12-15,18:00,coerde mittendrin,"Königsberger Str. 8, 48157 Münster",Münster-Coerde,FamilienBildung Friedensstraße,Bildung / Familie / Stadtteil,scheduled,FamilienBildung Friedensstraße,https://www.familienbildung-friedensstrasse.de/kurssuche/kurs/Deutsch-fuer-Migrantinnen-alltagsnah-Deutsch-lernen-im-coerde-mittendrin/2604-4418,2026-09-10T18:06:55.864Z
2026-12-16_1400_sure_start_plus_die_familienspielstunde_coerde_fbf_friedensstrasse_coerde,Sure Start Plus - Die Familienspielstunde Coerde,2026-12-16,14:00,2026-12-16,17:00,Kita Wertvoll,"Kiesekampweg 8, Münster",Münster-Coerde,FamilienBildung Friedensstraße,Bildung / Familie / Stadtteil,scheduled,FamilienBildung Friedensstraße,https://www.familienbildung-friedensstrasse.de/kurssuche/kurs/Sure-Start-Plus-Die-Familienspielstunde-Coerde/2602-2912,2026-09-10T18:06:55.864Z
2026-12-16_1430_lernspielgruppe_fur_eltern_und_kinder_in_der_kitazeit_fbf_friedensstrasse_coerde,Lernspielgruppe für Eltern und Kinder in der Kitazeit,2026-12-16,14:30,2026-12-16,17:30,Begegnungszentrum Meerwiese/Kreativ,,Münster-Coerde,FamilienBildung Friedensstraße,Bildung / Familie / Stadtteil,scheduled,FamilienBildung Friedensstraße,https://www.familienbildung-friedensstrasse.de/kurssuche/kurs/Lernspielgruppe-fuer-Eltern-und-Kinder-in-der-Kitazeit/2602-2922,2026-09-10T18:06:55.864Z
2026-12-17_0930_sure_start_die_babyspielstunde_coerde_fbf_friedensstrasse_coerde,Sure Start - Die Babyspielstunde Coerde,2026-12-17,09:30,2026-12-17,12:30,Begegnungszentrum Meerwiese,"An der Meerwiese 25, 48157 Münster",Münster-Coerde,FamilienBildung Friedensstraße,Bildung / Familie / Stadtteil,scheduled,FamilienBildung Friedensstraße,https://www.familienbildung-friedensstrasse.de/kurssuche/kurs/Sure-Start-Die-Babyspielstunde-Coerde/2602-2422,2026-09-10T18:06:55.864Z
2026-12-17_1000_24_winterpunsch_alice_im_wunderland_fetter_fisch_performance_theater_aus_munster_meerwiese_theater,24. WINTERPUNSCH: Alice im Wunderland – Fetter Fisch – Performance | Theater aus Münster,2026-12-17,10:00,2026-12-17,11:00,Begegnungszentrum und Theater in der Meerwiese,An der Meerwiese 25,Münster-Coerde,Stadt Münster Veranstaltungskalender,Theater / Kultur / Tanz / Kinderkultur,scheduled,Stadt Münster Veranstaltungskalender,https://www.stadt-muenster.de/veranstaltungskalender/-/detail/3028/18589/24-winterpunsch-alice-im-wunderland-fetter-fisch-performance-theater-aus-muenster,2026-09-10T18:06:55.864Z
2026-12-17_1430_komm_wir_sprechen_deutsch_fbf_friedensstrasse_coerde,"Komm, wir sprechen deutsch!",2026-12-17,14:30,2026-12-17,16:00,coerde mittendrin,"Königsberger Str. 8, 48157 Münster",Münster-Coerde,FamilienBildung Friedensstraße,Bildung / Familie / Stadtteil,scheduled,FamilienBildung Friedensstraße,https://www.familienbildung-friedensstrasse.de/kurssuche/kurs/Komm-wir-sprechen-deutsch/2604-4402,2026-09-10T18:06:55.864Z
2026-12-17_1430_praktische_ernahrungsbildung_fur_eltern_mit_ihren_kindern_ab_3_jahren_fbf_friedensstrasse_coerde,Praktische Ernährungsbildung für Eltern mit ihren Kindern ab 3 Jahren,2026-12-17,14:30,2026-12-17,16:45,Kita Wertvoll,"Kiesekampweg 8, Münster",Münster-Coerde,FamilienBildung Friedensstraße,Bildung / Familie / Stadtteil,scheduled,FamilienBildung Friedensstraße,https://www.familienbildung-friedensstrasse.de/kurssuche/kurs/Praktische-Ernaehrungsbildung-fuer-Eltern-mit-ihren-Kindern-ab-3-Jahren/2602-2938,2026-09-10T18:06:55.864Z
2026-12-17_1945_zumba_workout_fitness_fbf_friedensstrasse_coerde,Zumba® Workout Fitness,2026-12-17,19:45,2026-12-17,20:45,Begegnungszentrum Meerwiese/Saal,"An der Meerwiese 25, 48157 Münster",Münster-Coerde,FamilienBildung Friedensstraße,Bildung / Familie / Stadtteil,scheduled,FamilienBildung Friedensstraße,https://www.familienbildung-friedensstrasse.de/kurssuche/kurs/Zumba-Workout-Fitness/2606-6568,2026-09-10T18:06:55.864Z
2026-12-18_0915_deutsch_fur_migrantinnen_alltagsnah_deutsch_lernen_an_der_meerwiese_fbf_friedensstrasse_coerde,Deutsch für Migrantinnen - alltagsnah Deutsch lernen an der Meerwiese,2026-12-18,09:15,2026-12-18,12:00,Begegnungszentrum Meerwiese/Treff + Kreativ,,Münster-Coerde,FamilienBildung Friedensstraße,Bildung / Familie / Stadtteil,scheduled,FamilienBildung Friedensstraße,https://www.familienbildung-friedensstrasse.de/kurssuche/kurs/Deutsch-fuer-Migrantinnen-alltagsnah-Deutsch-lernen-an-der-Meerwiese/2604-4414,2026-09-10T18:06:55.864Z
2026-12-18_1000_24_winterpunsch_alice_im_wunderland_fetter_fisch_performance_theater_aus_munster_meerwiese_theater,24. WINTERPUNSCH: Alice im Wunderland – Fetter Fisch – Performance | Theater aus Münster,2026-12-18,10:00,2026-12-18,11:00,Begegnungszentrum und Theater in der Meerwiese,An der Meerwiese 25,Münster-Coerde,Stadt Münster Veranstaltungskalender,Theater / Kultur / Tanz / Kinderkultur,scheduled,Stadt Münster Veranstaltungskalender,https://www.stadt-muenster.de/veranstaltungskalender/-/detail/3028/18590/24-winterpunsch-alice-im-wunderland-fetter-fisch-performance-theater-aus-muenster,2026-09-10T18:06:55.864Z
2026-12-18_1015_lesen_mit_kleinen_wesen_stadtbuecherei_coerde,Lesen mit kleinen Wesen,2026-12-18,10:15,2026-12-18,,Stadtteilbücherei Coerde,,Münster-Coerde,Stadtbücherei Münster,Lesung / Bildung / Stadtteil,scheduled,Stadt Münster Veranstaltungskalender,https://www.stadt-muenster.de/veranstaltungskalender/-/detail/1028/4668/lesen-mit-kleinen-wesen,2026-09-10T18:06:55.864Z
2026-12-21_1900_eltern_kind_waldspielgruppe_laufalter_bis_6_j_dyckburger_wald_fbf_friedensstrasse_coerde,Eltern-Kind-Waldspielgruppe Laufalter bis 6 J. Dyckburger Wald,2026-12-21,19:00,2026-12-21,21:15,Treffpunkt Parkplatz an der Dyckburgkirche,"Dyckburger Str. 224, 48157 Münster",Münster-Coerde,FamilienBildung Friedensstraße,Bildung / Familie / Stadtteil,scheduled,FamilienBildung Friedensstraße,https://www.familienbildung-friedensstrasse.de/kurssuche/kurs/Eltern-Kind-Waldspielgruppe-Laufalter-bis-6-J-Dyckburger-Wald/2602-2637,2026-09-10T18:06:55.864Z
2027-01-14_1900_3d_krimidinner_la_petite_detective_in_munster_stadt_munster_veranstaltungskalender,3D Krimidinner - La Petite Détective in Münster!,2027-01-14,19:00,2027-01-14,22:00,Speicher 10,,Münster-Coerde,Stadt Münster Veranstaltungskalender,,scheduled,Stadt Münster Veranstaltungskalender,https://www.stadt-muenster.de/veranstaltungskalender/-/detail/3600/21608/3d-krimidinner-la-petite-detective-in-muenster,2026-09-10T18:06:55.864Z
2027-01-15_1900_3d_krimidinner_la_petite_detective_in_munster_stadt_munster_veranstaltungskalender,3D Krimidinner - La Petite Détective in Münster!,2027-01-15,19:00,2027-01-15,22:00,Speicher 10,,Münster-Coerde,Stadt Münster Veranstaltungskalender,,scheduled,Stadt Münster Veranstaltungskalender,https://www.stadt-muenster.de/veranstaltungskalender/-/detail/3600/21609/3d-krimidinner-la-petite-detective-in-muenster,2026-09-10T18:06:55.864Z
2027-01-16_1200_3d_krimidinner_la_petite_detective_in_munster_stadt_munster_veranstaltungskalender,3D Krimidinner - La Petite Détective in Münster!,2027-01-16,12:00,2027-01-16,15:00,Speicher 10,,Münster-Coerde,Stadt Münster Veranstaltungskalender,,scheduled,Stadt Münster Veranstaltungskalender,https://www.stadt-muenster.de/veranstaltungskalender/-/detail/3600/21617/3d-krimidinner-la-petite-detective-in-muenster,2026-09-10T18:06:55.864Z
2027-01-16_1900_3d_krimidinner_la_petite_detective_in_munster_stadt_munster_veranstaltungskalender,3D Krimidinner - La Petite Détective in Münster!,2027-01-16,19:00,2027-01-16,22:00,Speicher 10,,Münster-Coerde,Stadt Münster Veranstaltungskalender,,scheduled,Stadt Münster Veranstaltungskalender,https://www.stadt-muenster.de/veranstaltungskalender/-/detail/3600/21610/3d-krimidinner-la-petite-detective-in-muenster,2026-09-10T18:06:55.864Z
2027-01-17_1530_24_winterpunsch_impro_show_fur_kinder_7wiesen_aus_munster_meerwiese_theater,24. WINTERPUNSCH: Impro-Show für Kinder – 7Wiesen aus Münster,2027-01-17,15:30,2027-01-17,16:30,Begegnungszentrum und Theater in der Meerwiese,An der Meerwiese 25,Münster-Coerde,Stadt Münster Veranstaltungskalender,Theater / Kultur / Tanz / Kinderkultur,scheduled,Stadt Münster Veranstaltungskalender,https://www.stadt-muenster.de/veranstaltungskalender/-/detail/3029/18592/24-winterpunsch-impro-show-fuer-kinder-7wiesen-aus-muenster,2026-09-10T18:06:55.864Z
2027-01-17_1700_3d_krimidinner_la_petite_detective_in_munster_stadt_munster_veranstaltungskalender,3D Krimidinner - La Petite Détective in Münster!,2027-01-17,17:00,2027-01-17,20:00,Speicher 10,,Münster-Coerde,Stadt Münster Veranstaltungskalender,,scheduled,Stadt Münster Veranstaltungskalender,https://www.stadt-muenster.de/veranstaltungskalender/-/detail/3600/21616/3d-krimidinner-la-petite-detective-in-muenster,2026-09-10T18:06:55.864Z
2027-01-18_1000_24_winterpunsch_impro_show_fur_kinder_7wiesen_aus_munster_meerwiese_theater,24. WINTERPUNSCH: Impro-Show für Kinder – 7Wiesen aus Münster,2027-01-18,10:00,2027-01-18,11:00,Begegnungszentrum und Theater in der Meerwiese,An der Meerwiese 25,Münster-Coerde,Stadt Münster Veranstaltungskalender,Theater / Kultur / Tanz / Kinderkultur,scheduled,Stadt Münster Veranstaltungskalender,https://www.stadt-muenster.de/veranstaltungskalender/-/detail/3029/18593/24-winterpunsch-impro-show-fuer-kinder-7wiesen-aus-muenster,2026-09-10T18:06:55.864Z
2027-01-19_1000_24_winterpunsch_impro_show_fur_kinder_7wiesen_aus_munster_meerwiese_theater,24. WINTERPUNSCH: Impro-Show für Kinder – 7Wiesen aus Münster,2027-01-19,10:00,2027-01-19,11:00,Begegnungszentrum und Theater in der Meerwiese,An der Meerwiese 25,Münster-Coerde,Stadt Münster Veranstaltungskalender,Theater / Kultur / Tanz / Kinderkultur,scheduled,Stadt Münster Veranstaltungskalender,https://www.stadt-muenster.de/veranstaltungskalender/-/detail/3029/18594/24-winterpunsch-impro-show-fuer-kinder-7wiesen-aus-muenster,2026-09-10T18:06:55.864Z
2027-01-20_1000_24_winterpunsch_impro_show_fur_kinder_7wiesen_aus_munster_meerwiese_theater,24. WINTERPUNSCH: Impro-Show für Kinder – 7Wiesen aus Münster,2027-01-20,10:00,2027-01-20,11:00,Begegnungszentrum und Theater in der Meerwiese,An der Meerwiese 25,Münster-Coerde,Stadt Münster Veranstaltungskalender,Theater / Kultur / Tanz / Kinderkultur,scheduled,Stadt Münster Veranstaltungskalender,https://www.stadt-muenster.de/veranstaltungskalender/-/detail/3029/18595/24-winterpunsch-impro-show-fuer-kinder-7wiesen-aus-muenster,2026-09-10T18:06:55.864Z
2027-01-20_1900_3d_krimidinner_la_petite_detective_in_munster_stadt_munster_veranstaltungskalender,3D Krimidinner - La Petite Détective in Münster!,2027-01-20,19:00,2027-01-20,22:00,Speicher 10,,Münster-Coerde,Stadt Münster Veranstaltungskalender,,scheduled,Stadt Münster Veranstaltungskalender,https://www.stadt-muenster.de/veranstaltungskalender/-/detail/3600/21611/3d-krimidinner-la-petite-detective-in-muenster,2026-09-10T18:06:55.864Z
2027-01-21_1000_24_winterpunsch_ach_du_dickes_ei_theater_rosinante_aus_munster_meerwiese_theater,24. WINTERPUNSCH: Ach du dickes Ei! – Theater Rosinante aus Münster,2027-01-21,10:00,2027-01-21,10:50,Begegnungszentrum und Theater in der Meerwiese,An der Meerwiese 25,Münster-Coerde,Stadt Münster Veranstaltungskalender,Theater / Kultur / Tanz / Kinderkultur,scheduled,Stadt Münster Veranstaltungskalender,https://www.stadt-muenster.de/veranstaltungskalender/-/detail/3030/18748/24-winterpunsch-ach-du-dickes-ei-theater-rosinante-aus-muenster,2026-09-10T18:06:55.864Z
2027-01-21_1900_3d_krimidinner_la_petite_detective_in_munster_stadt_munster_veranstaltungskalender,3D Krimidinner - La Petite Détective in Münster!,2027-01-21,19:00,2027-01-21,22:00,Speicher 10,,Münster-Coerde,Stadt Münster Veranstaltungskalender,,scheduled,Stadt Münster Veranstaltungskalender,https://www.stadt-muenster.de/veranstaltungskalender/-/detail/3600/21612/3d-krimidinner-la-petite-detective-in-muenster,2026-09-10T18:06:55.864Z
2027-01-22_1000_24_winterpunsch_ach_du_dickes_ei_theater_rosinante_aus_munster_meerwiese_theater,24. WINTERPUNSCH: Ach du dickes Ei! – Theater Rosinante aus Münster,2027-01-22,10:00,2027-01-22,10:50,Begegnungszentrum und Theater in der Meerwiese,An der Meerwiese 25,Münster-Coerde,Stadt Münster Veranstaltungskalender,Theater / Kultur / Tanz / Kinderkultur,scheduled,Stadt Münster Veranstaltungskalender,https://www.stadt-muenster.de/veranstaltungskalender/-/detail/3030/18749/24-winterpunsch-ach-du-dickes-ei-theater-rosinante-aus-muenster,2026-09-10T18:06:55.864Z
2027-01-22_1900_3d_krimidinner_la_petite_detective_in_munster_stadt_munster_veranstaltungskalender,3D Krimidinner - La Petite Détective in Münster!,2027-01-22,19:00,2027-01-22,22:00,Speicher 10,,Münster-Coerde,Stadt Münster Veranstaltungskalender,,scheduled,Stadt Münster Veranstaltungskalender,https://www.stadt-muenster.de/veranstaltungskalender/-/detail/3600/21613/3d-krimidinner-la-petite-detective-in-muenster,2026-09-10T18:06:55.864Z
2027-01-23_1900_3d_krimidinner_la_petite_detective_in_munster_stadt_munster_veranstaltungskalender,3D Krimidinner - La Petite Détective in Münster!,2027-01-23,19:00,2027-01-23,22:00,Speicher 10,,Münster-Coerde,Stadt Münster Veranstaltungskalender,,scheduled,Stadt Münster Veranstaltungskalender,https://www.stadt-muenster.de/veranstaltungskalender/-/detail/3600/21614/3d-krimidinner-la-petite-detective-in-muenster,2026-09-10T18:06:55.864Z
2027-01-24_1530_24_winterpunsch_ach_du_dickes_ei_theater_rosinante_aus_munster_meerwiese_theater,24. WINTERPUNSCH: Ach du dickes Ei! – Theater Rosinante aus Münster,2027-01-24,15:30,2027-01-24,16:20,Begegnungszentrum und Theater in der Meerwiese,An der Meerwiese 25,Münster-Coerde,Stadt Münster Veranstaltungskalender,Theater / Kultur / Tanz / Kinderkultur,scheduled,Stadt Münster Veranstaltungskalender,https://www.stadt-muenster.de/veranstaltungskalender/-/detail/3030/18750/24-winterpunsch-ach-du-dickes-ei-theater-rosinante-aus-muenster,2026-09-10T18:06:55.864Z
2027-01-24_1900_3d_krimidinner_la_petite_detective_in_munster_stadt_munster_veranstaltungskalender,3D Krimidinner - La Petite Détective in Münster!,2027-01-24,19:00,2027-01-24,22:00,Speicher 10,,Münster-Coerde,Stadt Münster Veranstaltungskalender,,scheduled,Stadt Münster Veranstaltungskalender,https://www.stadt-muenster.de/veranstaltungskalender/-/detail/3600/21615/3d-krimidinner-la-petite-detective-in-muenster,2026-09-10T18:06:55.864Z
2027-01-25_1000_24_winterpunsch_ach_du_dickes_ei_theater_rosinante_aus_munster_meerwiese_theater,24. WINTERPUNSCH: Ach du dickes Ei! – Theater Rosinante aus Münster,2027-01-25,10:00,2027-01-25,10:50,Begegnungszentrum und Theater in der Meerwiese,An der Meerwiese 25,Münster-Coerde,Stadt Münster Veranstaltungskalender,Theater / Kultur / Tanz / Kinderkultur,scheduled,Stadt Münster Veranstaltungskalender,https://www.stadt-muenster.de/veranstaltungskalender/-/detail/3030/18751/24-winterpunsch-ach-du-dickes-ei-theater-rosinante-aus-muenster,2026-09-10T18:06:55.864Z
2027-01-26_1000_24_winterpunsch_ach_du_dickes_ei_theater_rosinante_aus_munster_meerwiese_theater,24. WINTERPUNSCH: Ach du dickes Ei! – Theater Rosinante aus Münster,2027-01-26,10:00,2027-01-26,10:50,Begegnungszentrum und Theater in der Meerwiese,An der Meerwiese 25,Münster-Coerde,Stadt Münster Veranstaltungskalender,Theater / Kultur / Tanz / Kinderkultur,scheduled,Stadt Münster Veranstaltungskalender,https://www.stadt-muenster.de/veranstaltungskalender/-/detail/3030/18752/24-winterpunsch-ach-du-dickes-ei-theater-rosinante-aus-muenster,2026-09-10T18:06:55.864Z
2027-01-27_1000_24_winterpunsch_ach_du_dickes_ei_theater_rosinante_aus_munster_meerwiese_theater,24. WINTERPUNSCH: Ach du dickes Ei! – Theater Rosinante aus Münster,2027-01-27,10:00,2027-01-27,10:50,Begegnungszentrum und Theater in der Meerwiese,An der Meerwiese 25,Münster-Coerde,Stadt Münster Veranstaltungskalender,Theater / Kultur / Tanz / Kinderkultur,scheduled,Stadt Münster Veranstaltungskalender,https://www.stadt-muenster.de/veranstaltungskalender/-/detail/3030/18753/24-winterpunsch-ach-du-dickes-ei-theater-rosinante-aus-muenster,2026-09-10T18:06:55.864Z
